campaign_id,household_id
1,105
1,1238
1,1258
1,1483
1,2200
1,293
1,529
1,536
1,568
1,630
1,68
1,93
1,932
10,1025
10,1041
10,1069
10,108
10,1111
10,1113
10,1128
10,1131
10,1134
10,1146
10,1154
10,1159
10,1187
10,1229
10,1248
10,1277
10,13
10,1305
10,1314
10,1326
10,1337
10,1344
10,1379
10,1405
10,1451
10,1527
10,1535
10,1541
10,1557
10,1577
10,1586
10,1588
10,1640
10,1710
10,1751
10,1763
10,1764
10,1767
10,1803
10,1845
10,1899
10,1943
10,1944
10,1955
10,1965
10,1985
10,2007
10,2012
10,2036
10,2042
10,2047
10,2066
10,2070
10,2076
10,2079
10,2085
10,2095
10,2112
10,2124
10,2139
10,2141
10,2162
10,2167
10,2170
10,2178
10,2185
10,2226
10,2240
10,2245
10,2280
10,2317
10,2322
10,2330
10,2341
10,2360
10,2367
10,2395
10,2421
10,2452
10,2466
10,2475
10,2479
10,2489
10,2500
10,285
10,290
10,345
10,351
10,381
10,411
10,43
10,437
10,463
10,468
10,569
10,574
10,58
10,586
10,588
10,605
10,608
10,636
10,637
10,653
10,676
10,7
10,709
10,714
10,718
10,761
10,77
10,788
10,8
10,800
10,806
10,888
10,889
10,955
10,972
10,978
10,982
10,989
10,998
11,101
11,1025
11,104
11,1041
11,1045
11,105
11,1074
11,1078
11,1085
11,1087
11,1091
11,1098
11,1104
11,1128
11,113
11,1131
11,1145
11,115
11,1163
11,1167
11,1169
11,1179
11,1190
11,1197
11,1203
11,1222
11,1245
11,1248
11,1282
11,1289
11,13
11,1306
11,1314
11,1317
11,1321
11,1326
11,1337
11,1374
11,1379
11,1420
11,1437
11,144
11,1451
11,1459
11,1462
11,1470
11,1473
11,1481
11,1489
11,1517
11,1527
11,1528
11,1529
11,1534
11,1536
11,1540
11,1541
11,1557
11,156
11,157
11,1602
11,1609
11,1617
11,1631
11,1648
11,1677
11,1694
11,1696
11,1705
11,1707
11,1720
11,1754
11,1759
11,1762
11,1763
11,1767
11,1778
11,1795
11,1816
11,1821
11,1833
11,1835
11,1845
11,1852
11,1857
11,1883
11,1892
11,19
11,1901
11,1924
11,1930
11,1943
11,1944
11,1955
11,196
11,1975
11,1976
11,1985
11,2007
11,2079
11,2097
11,2110
11,2115
11,2129
11,2141
11,2142
11,2154
11,2167
11,2170
11,2178
11,2188
11,2199
11,2207
11,2208
11,2210
11,2228
11,2236
11,2240
11,2264
11,2270
11,2295
11,2296
11,2312
11,2317
11,2318
11,232
11,2328
11,2341
11,2345
11,2359
11,2360
11,2376
11,2378
11,2380
11,2395
11,2406
11,2424
11,2427
11,2432
11,2467
11,2479
11,2489
11,253
11,262
11,287
11,290
11,291
11,294
11,300
11,301
11,304
11,328
11,332
11,354
11,358
11,371
11,374
11,392
11,393
11,394
11,396
11,40
11,414
11,425
11,434
11,46
11,467
11,468
11,510
11,515
11,544
11,553
11,581
11,586
11,588
11,595
11,596
11,608
11,614
11,637
11,653
11,656
11,660
11,674
11,675
11,684
11,688
11,69
11,695
11,703
11,707
11,718
11,726
11,73
11,732
11,742
11,761
11,788
11,797
11,800
11,804
11,840
11,878
11,88
11,881
11,888
11,932
11,934
11,943
11,955
11,978
11,982
11,989
11,998
12,1
12,1014
12,1020
12,1029
12,1039
12,1056
12,1069
12,1094
12,1111
12,1137
12,1146
12,1180
12,1216
12,1229
12,1238
12,1240
12,1296
12,1305
12,131
12,1312
12,1316
12,133
12,1353
12,1367
12,1370
12,1385
12,1390
12,1397
12,1406
12,143
12,1430
12,1445
12,1453
12,1475
12,1494
12,1510
12,1546
12,1555
12,1590
12,1613
12,162
12,1620
12,1633
12,1634
12,1653
12,1662
12,1673
12,1751
12,1752
12,1764
12,1804
12,1806
12,1807
12,1837
12,1856
12,1864
12,1865
12,1899
12,1907
12,1917
12,1931
12,1947
12,1966
12,198
12,2004
12,2015
12,2019
12,2036
12,2042
12,2055
12,2062
12,2080
12,2086
12,2087
12,209
12,2098
12,2109
12,2116
12,2124
12,2134
12,2138
12,2139
12,2147
12,2156
12,2164
12,219
12,2190
12,2193
12,2200
12,2203
12,2224
12,2233
12,2237
12,2239
12,2244
12,2261
12,2262
12,2280
12,2284
12,2305
12,2334
12,2351
12,2361
12,2373
12,2374
12,2412
12,2421
12,2430
12,2451
12,2459
12,2462
12,2468
12,263
12,265
12,29
12,317
12,376
12,389
12,408
12,412
12,418
12,437
12,454
12,458
12,472
12,52
12,568
12,573
12,58
12,591
12,601
12,612
12,636
12,647
12,663
12,676
12,68
12,687
12,700
12,702
12,712
12,72
12,725
12,743
12,745
12,762
12,768
12,776
12,786
12,8
12,805
12,806
12,825
12,842
12,844
12,845
12,849
12,857
12,868
12,871
12,873
12,876
12,891
12,895
12,909
12,923
12,942
12,972
12,993
12,997
13,1
13,1000
13,1004
13,1005
13,1007
13,101
13,1011
13,1012
13,1014
13,1015
13,1017
13,1018
13,1020
13,1024
13,1029
13,1031
13,1032
13,1038
13,1039
13,104
13,1040
13,1041
13,1042
13,1045
13,1047
13,105
13,1050
13,1053
13,1056
13,1057
13,1058
13,1060
13,1061
13,1062
13,1066
13,1069
13,1070
13,1071
13,1072
13,1073
13,1074
13,1078
13,108
13,1081
13,1082
13,1084
13,1085
13,1087
13,1089
13,109
13,1091
13,1094
13,1097
13,1098
13,110
13,1103
13,1104
13,1111
13,1113
13,1116
13,1117
13,1119
13,112
13,1122
13,1123
13,1128
13,113
13,1130
13,1131
13,1134
13,1137
13,1138
13,1139
13,114
13,1141
13,1142
13,1145
13,1146
13,115
13,1154
13,1157
13,1158
13,1159
13,1160
13,1163
13,1164
13,1166
13,1167
13,117
13,1174
13,1175
13,1178
13,118
13,1180
13,1181
13,1186
13,1187
13,1188
13,1190
13,1193
13,1197
13,1203
13,1206
13,1207
13,121
13,1216
13,122
13,1222
13,1224
13,1226
13,1228
13,1229
13,123
13,1238
13,1239
13,1240
13,1245
13,1247
13,1248
13,125
13,1256
13,1260
13,1261
13,1263
13,1264
13,1266
13,1269
13,127
13,1271
13,1272
13,1277
13,1279
13,1282
13,1284
13,1287
13,1291
13,1293
13,1294
13,1296
13,1297
13,1299
13,13
13,1301
13,1305
13,1306
13,1307
13,131
13,1312
13,1314
13,1316
13,1317
13,1318
13,132
13,1321
13,1326
13,133
13,1331
13,1336
13,1337
13,134
13,1350
13,1351
13,1352
13,1353
13,1356
13,1357
13,1364
13,1366
13,1367
13,1369
13,1370
13,1374
13,1375
13,1376
13,1378
13,1379
13,1382
13,1383
13,1385
13,1388
13,1389
13,139
13,1391
13,1392
13,1393
13,1394
13,1396
13,1397
13,14
13,140
13,1402
13,1403
13,1406
13,1409
13,1412
13,1418
13,142
13,1420
13,1421
13,1423
13,1425
13,143
13,1431
13,1434
13,144
13,1445
13,1446
13,1452
13,1453
13,1454
13,1456
13,1458
13,1459
13,1461
13,1462
13,1463
13,1467
13,1470
13,1473
13,1475
13,1476
13,1481
13,1483
13,1485
13,1488
13,1489
13,149
13,1490
13,1491
13,1492
13,1494
13,1501
13,1505
13,1506
13,1508
13,1509
13,1510
13,1511
13,1515
13,1517
13,1520
13,1526
13,1527
13,1528
13,1529
13,1534
13,1535
13,1536
13,1537
13,1540
13,1541
13,1542
13,1544
13,1545
13,1546
13,1547
13,1548
13,1549
13,155
13,1556
13,1557
13,1558
13,156
13,1563
13,1567
13,1568
13,157
13,1577
13,1578
13,1579
13,158
13,1584
13,1585
13,1586
13,1587
13,1588
13,1590
13,1595
13,1598
13,1599
13,1602
13,1604
13,1607
13,1609
13,161
13,1613
13,1617
13,1618
13,1619
13,162
13,1620
13,1630
13,1631
13,1633
13,1639
13,164
13,1640
13,1642
13,1646
13,1648
13,165
13,1653
13,1659
13,166
13,1660
13,1662
13,1672
13,1673
13,1675
13,1676
13,1677
13,1678
13,1681
13,1685
13,1687
13,1689
13,1692
13,1693
13,1694
13,1695
13,1696
13,17
13,1703
13,1705
13,1707
13,1708
13,1709
13,1710
13,1716
13,1720
13,1722
13,1723
13,1726
13,1729
13,1731
13,1732
13,1735
13,1740
13,1742
13,1745
13,1747
13,1749
13,1751
13,1752
13,1753
13,1754
13,1759
13,1762
13,1763
13,1764
13,1767
13,1768
13,1769
13,1772
13,1774
13,1776
13,1778
13,1779
13,1781
13,1788
13,1791
13,1794
13,1795
13,1797
13,1798
13,18
13,180
13,1802
13,1803
13,1804
13,1806
13,1807
13,1808
13,1810
13,1816
13,1820
13,1821
13,1822
13,1823
13,1824
13,1828
13,1829
13,183
13,1831
13,1833
13,1834
13,1835
13,1836
13,184
13,1845
13,1848
13,1849
13,1852
13,1854
13,1856
13,1861
13,1862
13,1864
13,1865
13,1869
13,1872
13,1873
13,1879
13,188
13,1881
13,1883
13,1887
13,1892
13,19
13,1900
13,1901
13,1906
13,1907
13,1911
13,1912
13,1914
13,1916
13,1917
13,1918
13,1920
13,1922
13,1923
13,1924
13,1925
13,1927
13,1928
13,193
13,1930
13,1931
13,1935
13,1936
13,1937
13,1940
13,1941
13,1942
13,1943
13,1944
13,1947
13,195
13,1953
13,1954
13,1955
13,1959
13,196
13,1965
13,1966
13,1968
13,1969
13,1971
13,1972
13,1974
13,1975
13,1976
13,1978
13,1979
13,198
13,1982
13,1985
13,1990
13,1993
13,1995
13,1996
13,1997
13,1998
13,20
13,2004
13,2006
13,2007
13,2011
13,2012
13,2015
13,2016
13,2017
13,2019
13,2020
13,2027
13,2037
13,2041
13,2044
13,2047
13,205
13,2050
13,2051
13,2053
13,2055
13,2057
13,2058
13,2062
13,2064
13,2066
13,2068
13,2069
13,2070
13,2071
13,2076
13,2078
13,2079
13,208
13,2080
13,2082
13,2083
13,2084
13,2085
13,2086
13,2087
13,2088
13,209
13,2092
13,2095
13,2097
13,210
13,2100
13,2107
13,2109
13,211
13,2110
13,2111
13,2112
13,2114
13,2115
13,2117
13,2121
13,2123
13,2124
13,2128
13,2129
13,2130
13,2131
13,2133
13,2134
13,2137
13,2138
13,2139
13,214
13,2141
13,2142
13,2147
13,2148
13,2149
13,215
13,2154
13,2156
13,216
13,2162
13,2164
13,2167
13,2168
13,2170
13,2171
13,2176
13,2178
13,218
13,2182
13,2183
13,2184
13,2185
13,2188
13,219
13,2190
13,2193
13,2194
13,2198
13,2199
13,22
13,220
13,2200
13,2203
13,2204
13,2205
13,2208
13,2209
13,221
13,2211
13,2215
13,2217
13,222
13,2221
13,2223
13,2224
13,2225
13,2226
13,2228
13,223
13,2231
13,2233
13,2234
13,2235
13,2236
13,2237
13,2238
13,2244
13,2245
13,2260
13,2261
13,2262
13,2263
13,2264
13,2266
13,2269
13,2270
13,2277
13,228
13,2280
13,2284
13,2288
13,2294
13,2295
13,2296
13,2298
13,23
13,230
13,2300
13,2301
13,2302
13,2303
13,2305
13,2307
13,2312
13,2314
13,2317
13,2318
13,2319
13,232
13,2322
13,2324
13,2328
13,2329
13,2330
13,2331
13,2334
13,2337
13,2341
13,2343
13,2344
13,2345
13,235
13,2350
13,2351
13,2354
13,2356
13,2358
13,2359
13,2360
13,2361
13,2364
13,2366
13,2367
13,2370
13,2371
13,2372
13,2374
13,2375
13,2376
13,2378
13,2380
13,2381
13,239
13,2395
13,2405
13,2406
13,2407
13,2410
13,2411
13,2412
13,2416
13,242
13,2420
13,2421
13,2423
13,2424
13,2425
13,2426
13,2427
13,243
13,2430
13,2432
13,2437
13,2438
13,2441
13,2443
13,2445
13,2446
13,2447
13,2451
13,2452
13,2453
13,2455
13,2459
13,2462
13,2467
13,2468
13,2475
13,2478
13,2479
13,2481
13,2482
13,2484
13,2485
13,2488
13,2489
13,249
13,2496
13,2497
13,2498
13,25
13,2500
13,253
13,256
13,257
13,258
13,26
13,262
13,263
13,265
13,266
13,27
13,271
13,273
13,275
13,276
13,28
13,281
13,282
13,287
13,288
13,289
13,290
13,293
13,294
13,297
13,3
13,300
13,303
13,304
13,305
13,306
13,307
13,312
13,317
13,318
13,319
13,32
13,321
13,322
13,324
13,329
13,332
13,334
13,338
13,343
13,345
13,346
13,348
13,351
13,353
13,354
13,356
13,358
13,36
13,361
13,362
13,364
13,365
13,367
13,371
13,374
13,376
13,377
13,378
13,380
13,381
13,383
13,386
13,387
13,389
13,39
13,390
13,392
13,393
13,396
13,397
13,40
13,404
13,408
13,409
13,411
13,412
13,413
13,414
13,418
13,42
13,420
13,421
13,425
13,426
13,428
13,432
13,433
13,434
13,437
13,441
13,443
13,445
13,447
13,451
13,454
13,456
13,458
13,46
13,460
13,462
13,463
13,464
13,467
13,468
13,469
13,47
13,470
13,472
13,479
13,480
13,483
13,484
13,489
13,49
13,490
13,491
13,492
13,493
13,495
13,503
13,51
13,510
13,511
13,513
13,515
13,517
13,518
13,52
13,523
13,524
13,526
13,536
13,542
13,543
13,545
13,546
13,548
13,55
13,558
13,560
13,563
13,566
13,567
13,568
13,569
13,57
13,573
13,574
13,575
13,576
13,577
13,580
13,581
13,582
13,583
13,586
13,588
13,591
13,594
13,595
13,596
13,597
13,6
13,600
13,601
13,603
13,605
13,606
13,607
13,608
13,609
13,612
13,614
13,618
13,621
13,622
13,623
13,624
13,630
13,631
13,632
13,633
13,634
13,636
13,637
13,638
13,64
13,640
13,641
13,642
13,644
13,647
13,65
13,650
13,653
13,656
13,660
13,661
13,663
13,669
13,67
13,670
13,671
13,672
13,674
13,675
13,676
13,679
13,680
13,681
13,684
13,685
13,688
13,69
13,690
13,692
13,693
13,694
13,695
13,696
13,697
13,699
13,702
13,703
13,706
13,707
13,709
13,71
13,710
13,712
13,714
13,715
13,716
13,718
13,72
13,725
13,727
13,728
13,73
13,731
13,732
13,733
13,738
13,74
13,742
13,744
13,745
13,747
13,749
13,752
13,754
13,755
13,761
13,762
13,763
13,764
13,766
13,768
13,771
13,776
13,78
13,780
13,784
13,786
13,787
13,788
13,797
13,8
13,80
13,800
13,802
13,804
13,805
13,806
13,807
13,81
13,816
13,817
13,820
13,823
13,825
13,830
13,840
13,842
13,844
13,845
13,849
13,85
13,850
13,853
13,855
13,856
13,857
13,859
13,862
13,864
13,867
13,868
13,871
13,873
13,876
13,878
13,88
13,881
13,882
13,883
13,886
13,888
13,889
13,891
13,895
13,896
13,898
13,900
13,901
13,903
13,906
13,908
13,909
13,91
13,911
13,915
13,916
13,920
13,922
13,924
13,926
13,928
13,929
13,93
13,932
13,934
13,936
13,939
13,941
13,942
13,943
13,947
13,949
13,95
13,952
13,954
13,955
13,956
13,957
13,960
13,961
13,964
13,968
13,97
13,971
13,973
13,975
13,979
13,982
13,983
13,986
13,987
13,988
13,989
13,99
13,993
13,995
13,996
13,998
13,999
14,1024
14,104
14,1042
14,1050
14,1056
14,1078
14,1081
14,1094
14,1111
14,1128
14,1142
14,1145
14,115
14,1166
14,1167
14,117
14,1206
14,1226
14,1229
14,1234
14,1236
14,125
14,127
14,1272
14,1282
14,1284
14,1306
14,1312
14,1326
14,1344
14,14
14,1430
14,1437
14,1445
14,1446
14,1453
14,1489
14,1515
14,1517
14,1527
14,1529
14,1536
14,1541
14,1556
14,1558
14,156
14,1577
14,1590
14,1598
14,1599
14,1620
14,1631
14,1633
14,1653
14,1705
14,1716
14,1720
14,1752
14,1762
14,1764
14,1767
14,1778
14,1797
14,1803
14,1823
14,1845
14,1869
14,1892
14,1894
14,1899
14,19
14,1901
14,1906
14,1907
14,1917
14,1924
14,1927
14,1929
14,1955
14,1975
14,1976
14,198
14,2004
14,2017
14,2019
14,2062
14,2085
14,210
14,2115
14,212
14,2131
14,2133
14,2139
14,2167
14,2170
14,2178
14,2184
14,2190
14,2208
14,2210
14,2226
14,223
14,2233
14,2234
14,2235
14,2240
14,2243
14,2264
14,2270
14,2277
14,2284
14,2295
14,2296
14,2299
14,2300
14,2307
14,2317
14,2318
14,2328
14,2330
14,2334
14,2337
14,2341
14,2345
14,235
14,2351
14,2360
14,2361
14,2366
14,2378
14,239
14,2395
14,2412
14,2425
14,2427
14,2432
14,2448
14,2452
14,2459
14,2467
14,2484
14,2488
14,2489
14,2496
14,253
14,256
14,262
14,265
14,276
14,28
14,291
14,3
14,301
14,306
14,358
14,371
14,374
14,376
14,380
14,381
14,389
14,397
14,40
14,408
14,434
14,437
14,456
14,464
14,472
14,492
14,495
14,503
14,526
14,541
14,553
14,560
14,574
14,586
14,588
14,597
14,600
14,623
14,636
14,641
14,647
14,653
14,660
14,674
14,676
14,68
14,69
14,695
14,707
14,709
14,712
14,727
14,738
14,742
14,766
14,771
14,776
14,786
14,788
14,800
14,81
14,816
14,840
14,845
14,859
14,876
14,878
14,88
14,888
14,889
14,909
14,93
14,942
14,949
14,95
14,973
14,975
14,982
14,997
14,998
15,1017
15,1082
15,1103
15,143
15,1803
15,1820
15,1914
15,2134
15,2194
15,2324
15,2341
15,2484
15,281
15,334
15,543
15,855
15,942
16,1016
16,1029
16,1064
16,1070
16,1085
16,1091
16,1103
16,1111
16,1117
16,113
16,1142
16,115
16,1166
16,1228
16,1240
16,1261
16,1263
16,1314
16,1337
16,1364
16,1376
16,1378
16,1379
16,1388
16,1393
16,1428
16,1430
16,1434
16,1445
16,1488
16,1491
16,1505
16,1529
16,1536
16,1541
16,1566
16,1568
16,1580
16,1585
16,1602
16,1618
16,1633
16,1662
16,1673
16,1683
16,1687
16,1693
16,1726
16,1752
16,1764
16,1767
16,1807
16,1835
16,1850
16,1852
16,1869
16,1872
16,1899
16,1901
16,1906
16,1907
16,1914
16,1947
16,1962
16,1985
16,1989
16,1997
16,2017
16,2019
16,2020
16,205
16,2056
16,2058
16,2066
16,2076
16,2080
16,2085
16,2086
16,2088
16,2110
16,2115
16,2134
16,2139
16,2171
16,2178
16,2184
16,2190
16,2193
16,2207
16,2217
16,2230
16,2233
16,2236
16,2244
16,2248
16,2254
16,2261
16,2279
16,2280
16,2284
16,2300
16,2317
16,232
16,2322
16,2324
16,2343
16,2351
16,2366
16,2370
16,2378
16,2395
16,2400
16,2412
16,2432
16,2455
16,2459
16,2462
16,2467
16,2479
16,2488
16,2489
16,2498
16,256
16,263
16,283
16,303
16,345
16,350
16,358
16,371
16,378
16,383
16,384
16,394
16,40
16,402
16,404
16,413
16,418
16,421
16,434
16,436
16,445
16,46
16,464
16,467
16,470
16,489
16,491
16,492
16,548
16,553
16,576
16,606
16,636
16,641
16,647
16,653
16,661
16,676
16,693
16,7
16,705
16,710
16,718
16,72
16,728
16,74
16,757
16,762
16,766
16,771
16,842
16,845
16,85
16,859
16,88
16,889
16,891
16,900
16,928
16,93
16,936
16,973
16,979
16,982
16,983
16,998
17,1001
17,1029
17,104
17,1041
17,1045
17,1056
17,1060
17,1061
17,1066
17,1078
17,1082
17,1088
17,1104
17,1127
17,1139
17,1142
17,1146
17,1166
17,1167
17,1169
17,117
17,1172
17,118
17,1216
17,1277
17,1282
17,1291
17,1333
17,1336
17,1337
17,1352
17,1353
17,1356
17,1378
17,1388
17,1390
17,1397
17,1408
17,1419
17,142
17,1420
17,1437
17,1445
17,1453
17,1459
17,1462
17,1511
17,1535
17,1546
17,156
17,1566
17,1579
17,1580
17,1581
17,1585
17,1598
17,1631
17,1633
17,164
17,1648
17,1653
17,1677
17,1694
17,1703
17,1722
17,1779
17,1795
17,1796
17,1806
17,1833
17,1873
17,1899
17,19
17,1901
17,1919
17,193
17,1936
17,1943
17,1947
17,196
17,1966
17,1975
17,1976
17,1985
17,1995
17,2004
17,2015
17,2019
17,2029
17,2053
17,2068
17,2075
17,208
17,2102
17,2115
17,2142
17,2156
17,2170
17,218
17,2183
17,2186
17,2198
17,2200
17,2208
17,2221
17,2226
17,2244
17,2261
17,2264
17,2270
17,2274
17,2277
17,2281
17,2284
17,2301
17,2322
17,2331
17,2334
17,2337
17,2378
17,2432
17,2445
17,2448
17,2455
17,2459
17,2467
17,2486
17,2494
17,2496
17,2498
17,2500
17,256
17,27
17,283
17,285
17,301
17,334
17,36
17,367
17,371
17,386
17,389
17,391
17,409
17,418
17,421
17,46
17,472
17,493
17,510
17,517
17,518
17,568
17,574
17,58
17,591
17,608
17,618
17,656
17,660
17,663
17,67
17,674
17,676
17,679
17,68
17,69
17,695
17,703
17,707
17,718
17,742
17,745
17,748
17,766
17,78
17,790
17,8
17,800
17,803
17,806
17,85
17,863
17,878
17,88
17,881
17,893
17,896
17,918
17,929
17,93
17,931
17,934
17,936
17,946
17,949
17,957
17,961
17,968
17,971
17,979
17,982
18,1
18,1000
18,1001
18,1004
18,1005
18,1007
18,101
18,1010
18,1014
18,1015
18,1017
18,1018
18,1020
18,1024
18,1029
18,1031
18,1032
18,1034
18,1038
18,1039
18,104
18,1040
18,1041
18,1045
18,1046
18,1048
18,105
18,1050
18,1053
18,1056
18,1058
18,1060
18,1061
18,1062
18,1064
18,1065
18,1066
18,1067
18,1070
18,1073
18,1074
18,1076
18,1078
18,1081
18,1082
18,1084
18,1085
18,1087
18,1088
18,109
18,1091
18,1094
18,1097
18,1098
18,110
18,1103
18,1104
18,111
18,1111
18,1113
18,1117
18,1119
18,1122
18,1123
18,1125
18,1127
18,1128
18,113
18,1130
18,1133
18,1137
18,1138
18,1139
18,114
18,1142
18,1146
18,115
18,1151
18,1154
18,1157
18,1158
18,1160
18,1163
18,1164
18,1165
18,1166
18,1167
18,1169
18,117
18,1172
18,1175
18,1178
18,1179
18,118
18,1186
18,1187
18,119
18,1190
18,1191
18,1193
18,1197
18,1203
18,1204
18,1206
18,1207
18,121
18,1211
18,1216
18,1218
18,1219
18,122
18,1222
18,1224
18,1226
18,1227
18,1228
18,1229
18,123
18,1234
18,1236
18,1237
18,1240
18,1245
18,1247
18,1248
18,125
18,1256
18,1258
18,1260
18,1261
18,1263
18,1264
18,1265
18,1266
18,127
18,1270
18,1271
18,1272
18,1277
18,1279
18,1282
18,1285
18,1288
18,1289
18,1291
18,1293
18,1296
18,1299
18,13
18,1303
18,1304
18,1305
18,1306
18,1307
18,131
18,1312
18,1314
18,1316
18,1317
18,1318
18,132
18,1321
18,1325
18,133
18,1330
18,1331
18,1333
18,1336
18,1337
18,134
18,1345
18,1347
18,1349
18,1352
18,1353
18,1354
18,1356
18,1357
18,136
18,1363
18,1364
18,1366
18,1370
18,1375
18,1376
18,1378
18,1379
18,1382
18,1383
18,1385
18,1388
18,139
18,1390
18,1391
18,1392
18,1393
18,1394
18,1396
18,1397
18,14
18,1402
18,1403
18,1406
18,1408
18,1409
18,1412
18,1417
18,1418
18,1419
18,142
18,1420
18,1421
18,1423
18,1425
18,1428
18,143
18,1430
18,1431
18,1434
18,1437
18,144
18,1440
18,1443
18,1445
18,1446
18,1448
18,1451
18,1452
18,1453
18,1454
18,1458
18,1459
18,1460
18,1461
18,1462
18,1463
18,1464
18,1467
18,1468
18,1470
18,1474
18,1475
18,1476
18,1481
18,1483
18,1484
18,1488
18,1489
18,149
18,1490
18,1491
18,1494
18,1495
18,1501
18,1505
18,1506
18,1509
18,1510
18,1511
18,1515
18,1517
18,1526
18,1527
18,1528
18,1529
18,1532
18,1534
18,1535
18,1536
18,1537
18,1540
18,1541
18,1542
18,1545
18,1546
18,1547
18,1548
18,1549
18,1555
18,1556
18,1557
18,1558
18,156
18,1563
18,1566
18,1568
18,157
18,1572
18,1575
18,1577
18,1578
18,1579
18,158
18,1581
18,1584
18,1585
18,1586
18,1588
18,1590
18,1591
18,1592
18,1595
18,1598
18,1599
18,1602
18,1604
18,1605
18,1607
18,1609
18,161
18,1617
18,1618
18,1619
18,162
18,1621
18,1624
18,1627
18,1630
18,1631
18,1633
18,1639
18,164
18,1640
18,1642
18,1648
18,165
18,1651
18,1653
18,1659
18,166
18,1662
18,1663
18,1666
18,1673
18,1675
18,1676
18,1678
18,1687
18,1689
18,1692
18,1693
18,1694
18,1696
18,17
18,1703
18,1705
18,1707
18,1708
18,1710
18,1716
18,1717
18,1720
18,1722
18,1723
18,1726
18,1731
18,1732
18,1735
18,1740
18,1742
18,1745
18,1746
18,1749
18,1751
18,1752
18,1753
18,1754
18,1756
18,1758
18,1759
18,1761
18,1762
18,1763
18,1767
18,1769
18,1772
18,1774
18,1776
18,1778
18,1779
18,1781
18,1783
18,1784
18,1788
18,1790
18,1791
18,1793
18,1794
18,1795
18,1796
18,1797
18,18
18,1803
18,1804
18,1807
18,1810
18,1812
18,1814
18,1816
18,1820
18,1821
18,1823
18,1824
18,1829
18,183
18,1831
18,1832
18,1833
18,1834
18,1835
18,1836
18,1837
18,1840
18,1841
18,1845
18,1847
18,1848
18,1849
18,1850
18,1854
18,1856
18,1858
18,1860
18,1862
18,1864
18,1865
18,1869
18,1872
18,1873
18,1879
18,1881
18,1883
18,1889
18,1890
18,1892
18,1894
18,1896
18,1899
18,19
18,1900
18,1901
18,1905
18,1906
18,1907
18,1911
18,1914
18,1916
18,1917
18,1919
18,192
18,1920
18,1921
18,1922
18,1923
18,1924
18,1925
18,1927
18,1928
18,1929
18,193
18,1930
18,1931
18,1932
18,1933
18,1935
18,1936
18,1937
18,1939
18,1941
18,1942
18,1943
18,1944
18,1946
18,1947
18,1948
18,1949
18,1953
18,1954
18,1957
18,196
18,1964
18,1965
18,1966
18,1968
18,1969
18,1970
18,1971
18,1972
18,1974
18,1975
18,1976
18,1978
18,1979
18,198
18,1980
18,1985
18,1987
18,1989
18,1990
18,1995
18,1996
18,1997
18,1998
18,2
18,20
18,2004
18,2007
18,2008
18,2011
18,2012
18,2017
18,2018
18,2019
18,2020
18,2024
18,2027
18,2029
18,2033
18,2034
18,2037
18,2041
18,2047
18,205
18,2050
18,2051
18,2053
18,2055
18,2056
18,2058
18,2062
18,2064
18,2065
18,2068
18,2070
18,2071
18,2075
18,2076
18,2079
18,208
18,2080
18,2082
18,2083
18,2084
18,2085
18,2086
18,2087
18,2088
18,209
18,2092
18,2094
18,2095
18,2097
18,2099
18,210
18,2100
18,2102
18,2107
18,2108
18,2109
18,211
18,2110
18,2112
18,2114
18,2115
18,2117
18,212
18,2123
18,2124
18,2128
18,2129
18,2130
18,2131
18,2133
18,2134
18,2139
18,214
18,2141
18,2142
18,2147
18,2148
18,2154
18,2156
18,2158
18,2162
18,2167
18,2168
18,2170
18,2171
18,2173
18,2176
18,2178
18,218
18,2183
18,2184
18,2185
18,2186
18,2188
18,219
18,2190
18,2193
18,2194
18,2198
18,2199
18,22
18,220
18,2200
18,2203
18,2204
18,2205
18,2207
18,2208
18,2209
18,221
18,2211
18,2215
18,2217
18,222
18,2221
18,2224
18,2225
18,2226
18,2228
18,2231
18,2233
18,2234
18,2236
18,2237
18,2238
18,2240
18,2241
18,2244
18,2245
18,2250
18,2254
18,2260
18,2261
18,2262
18,2263
18,2264
18,2266
18,2269
18,227
18,2270
18,2274
18,2275
18,2277
18,2278
18,228
18,2280
18,2281
18,2282
18,2284
18,2288
18,2289
18,2294
18,2295
18,2296
18,2298
18,23
18,230
18,2300
18,2301
18,2303
18,2305
18,2307
18,2310
18,2312
18,2314
18,2317
18,2318
18,232
18,2324
18,2328
18,2329
18,2330
18,2331
18,2334
18,2341
18,2342
18,2343
18,2344
18,2347
18,235
18,2350
18,2351
18,2354
18,2358
18,2359
18,2361
18,2364
18,2366
18,2367
18,2369
18,2370
18,2371
18,2373
18,2374
18,2375
18,2376
18,2377
18,2378
18,2380
18,2381
18,239
18,2391
18,2393
18,2395
18,2398
18,2400
18,2405
18,2406
18,2407
18,2412
18,2416
18,242
18,2420
18,2421
18,2423
18,2424
18,2426
18,2427
18,243
18,2432
18,2437
18,2438
18,2441
18,2443
18,2445
18,2446
18,2447
18,2448
18,2451
18,2452
18,2453
18,2455
18,2456
18,2459
18,246
18,2462
18,2466
18,2467
18,2470
18,2472
18,2475
18,2478
18,2479
18,2481
18,2483
18,2484
18,2486
18,2488
18,2489
18,249
18,2493
18,2494
18,2496
18,2497
18,2498
18,2499
18,25
18,2500
18,251
18,253
18,256
18,258
18,261
18,263
18,264
18,27
18,273
18,275
18,276
18,28
18,282
18,283
18,285
18,287
18,289
18,290
18,291
18,293
18,294
18,300
18,301
18,303
18,304
18,305
18,306
18,307
18,308
18,317
18,318
18,319
18,32
18,321
18,322
18,328
18,329
18,330
18,332
18,334
18,335
18,339
18,345
18,346
18,350
18,351
18,353
18,354
18,358
18,361
18,362
18,364
18,365
18,367
18,37
18,370
18,371
18,374
18,377
18,378
18,380
18,384
18,386
18,387
18,389
18,390
18,391
18,392
18,393
18,394
18,397
18,398
18,40
18,404
18,405
18,41
18,411
18,412
18,413
18,414
18,418
18,419
18,42
18,420
18,421
18,425
18,426
18,428
18,43
18,434
18,438
18,443
18,445
18,450
18,451
18,454
18,456
18,458
18,459
18,46
18,460
18,463
18,464
18,467
18,468
18,469
18,47
18,470
18,472
18,473
18,48
18,482
18,483
18,484
18,49
18,490
18,491
18,492
18,493
18,495
18,502
18,503
18,51
18,510
18,511
18,513
18,514
18,515
18,517
18,518
18,520
18,523
18,524
18,526
18,527
18,534
18,538
18,542
18,543
18,544
18,545
18,546
18,548
18,549
18,55
18,553
18,558
18,560
18,562
18,568
18,569
18,57
18,574
18,575
18,576
18,578
18,58
18,582
18,583
18,586
18,588
18,594
18,595
18,596
18,598
18,6
18,600
18,601
18,603
18,605
18,607
18,608
18,609
18,614
18,618
18,621
18,622
18,623
18,624
18,630
18,631
18,632
18,633
18,636
18,637
18,638
18,639
18,64
18,640
18,641
18,642
18,644
18,646
18,647
18,65
18,656
18,660
18,661
18,662
18,663
18,669
18,67
18,671
18,676
18,679
18,68
18,680
18,682
18,684
18,685
18,687
18,69
18,690
18,691
18,692
18,693
18,695
18,696
18,697
18,699
18,7
18,702
18,703
18,705
18,706
18,707
18,708
18,709
18,71
18,710
18,712
18,714
18,715
18,718
18,72
18,720
18,722
18,725
18,726
18,728
18,73
18,731
18,732
18,733
18,734
18,74
18,740
18,742
18,744
18,745
18,747
18,748
18,749
18,752
18,755
18,760
18,762
18,766
18,768
18,77
18,771
18,78
18,784
18,786
18,787
18,788
18,79
18,790
18,793
18,797
18,8
18,800
18,802
18,803
18,804
18,805
18,806
18,807
18,808
18,812
18,816
18,817
18,820
18,823
18,825
18,830
18,840
18,842
18,844
18,845
18,849
18,85
18,850
18,852
18,853
18,856
18,857
18,859
18,86
18,864
18,867
18,868
18,871
18,873
18,877
18,878
18,879
18,881
18,882
18,883
18,885
18,886
18,888
18,889
18,891
18,893
18,895
18,896
18,898
18,900
18,907
18,908
18,909
18,91
18,911
18,915
18,916
18,918
18,920
18,926
18,927
18,928
18,929
18,93
18,931
18,932
18,934
18,936
18,938
18,939
18,940
18,941
18,942
18,943
18,944
18,946
18,947
18,949
18,95
18,952
18,953
18,956
18,957
18,960
18,961
18,968
18,971
18,972
18,973
18,975
18,976
18,978
18,979
18,982
18,983
18,984
18,988
18,989
18,99
18,993
18,997
18,998
19,1032
19,1041
19,1050
19,1065
19,1097
19,110
19,1146
19,115
19,1151
19,1180
19,1187
19,1203
19,1223
19,1227
19,1229
19,1256
19,1261
19,1270
19,1272
19,1305
19,131
19,1330
19,1333
19,1363
19,1379
19,1418
19,1428
19,1447
19,1475
19,1479
19,1534
19,1537
19,156
19,1585
19,1594
19,1599
19,1676
19,1703
19,1710
19,1744
19,1751
19,1752
19,1753
19,1763
19,1764
19,1767
19,1774
19,1793
19,1803
19,1804
19,1821
19,183
19,1839
19,1845
19,1869
19,1873
19,1899
19,1901
19,1943
19,1944
19,1950
19,1954
19,1955
19,1961
19,1965
19,198
19,1985
19,200
19,2007
19,2008
19,2012
19,205
19,2065
19,2070
19,2075
19,2080
19,2095
19,2124
19,2129
19,2149
19,2162
19,2178
19,2226
19,2231
19,2240
19,2244
19,2280
19,2289
19,2293
19,2322
19,2367
19,2380
19,2400
19,242
19,2455
19,2459
19,2466
19,2479
19,2500
19,283
19,293
19,304
19,314
19,351
19,354
19,394
19,40
19,43
19,437
19,476
19,48
19,574
19,586
19,588
19,605
19,64
19,718
19,748
19,788
19,80
19,800
19,805
19,806
19,841
19,863
19,891
19,932
19,955
19,961
19,979
2,1055
2,1060
2,1117
2,1299
2,1316
2,1336
2,1353
2,1412
2,1558
2,16
2,1613
2,1617
2,1622
2,1729
2,1745
2,1754
2,1769
2,1916
2,1954
2,1978
2,2008
2,2224
2,2294
2,2295
2,2336
2,2371
2,239
2,2459
2,271
2,287
2,29
2,305
2,345
2,364
2,454
2,470
2,513
2,583
2,598
2,647
2,681
2,684
2,886
2,947
2,968
2,989
2,995
2,996
20,1
20,1014
20,1024
20,1029
20,104
20,1042
20,1056
20,1058
20,1064
20,1069
20,1073
20,1081
20,1094
20,113
20,1131
20,1134
20,1142
20,1145
20,1146
20,115
20,1160
20,1163
20,1166
20,1167
20,1190
20,1206
20,1216
20,1217
20,1226
20,1234
20,125
20,1264
20,127
20,1277
20,1279
20,1299
20,13
20,1314
20,1316
20,1326
20,1333
20,1337
20,1376
20,1378
20,1379
20,14
20,1412
20,1419
20,1428
20,1430
20,1434
20,1451
20,1453
20,1481
20,1489
20,1510
20,1515
20,1528
20,1529
20,1535
20,1540
20,1545
20,1566
20,1577
20,1598
20,1599
20,1620
20,1648
20,1653
20,1677
20,1693
20,1694
20,1703
20,1720
20,1740
20,1749
20,1758
20,1759
20,1762
20,1764
20,1765
20,1767
20,1797
20,1803
20,1823
20,1835
20,1869
20,1892
20,1899
20,19
20,1907
20,1916
20,1919
20,1924
20,1936
20,1946
20,1947
20,1975
20,1976
20,198
20,1995
20,2004
20,2007
20,2015
20,2017
20,2019
20,2020
20,2042
20,2056
20,2065
20,2070
20,2085
20,2088
20,2095
20,210
20,2131
20,2139
20,2144
20,2170
20,2178
20,2207
20,2208
20,2209
20,2222
20,2224
20,2226
20,223
20,2240
20,2261
20,2264
20,2277
20,2279
20,2295
20,2296
20,2305
20,2307
20,2317
20,2318
20,2328
20,2334
20,2337
20,2341
20,2351
20,2360
20,2361
20,2364
20,2366
20,2378
20,2381
20,2386
20,239
20,2395
20,2400
20,2412
20,2427
20,2432
20,2445
20,2448
20,2459
20,2467
20,2479
20,2484
20,2489
20,2500
20,253
20,256
20,262
20,276
20,290
20,291
20,301
20,305
20,329
20,332
20,338
20,351
20,358
20,367
20,369
20,371
20,374
20,380
20,392
20,397
20,411
20,413
20,421
20,425
20,434
20,438
20,454
20,456
20,46
20,464
20,472
20,492
20,495
20,498
20,511
20,517
20,553
20,560
20,591
20,600
20,618
20,641
20,647
20,660
20,674
20,676
20,679
20,693
20,695
20,699
20,703
20,709
20,712
20,72
20,726
20,742
20,771
20,786
20,788
20,806
20,842
20,845
20,85
20,868
20,876
20,88
20,888
20,889
20,909
20,931
20,936
20,942
20,949
20,95
20,973
20,982
20,983
20,988
20,997
20,998
21,1011
21,1057
21,113
21,1175
21,1190
21,1256
21,1287
21,1333
21,1366
21,1459
21,1462
21,1468
21,1476
21,1509
21,1582
21,1602
21,1659
21,1662
21,1696
21,1710
21,1726
21,1773
21,1783
21,1788
21,18
21,1802
21,1837
21,1848
21,1854
21,1864
21,1922
21,1935
21,1975
21,1995
21,2193
21,2226
21,2234
21,2235
21,2266
21,2351
21,2427
21,243
21,2462
21,2489
21,317
21,324
21,328
21,371
21,383
21,392
21,40
21,445
21,513
21,517
21,600
21,670
21,697
21,706
21,707
21,712
21,8
21,825
21,849
21,898
21,909
22,1
22,1014
22,1020
22,1024
22,1029
22,1032
22,1041
22,1066
22,1070
22,1074
22,1078
22,1081
22,1094
22,1098
22,1111
22,1113
22,1134
22,1139
22,1142
22,1158
22,1166
22,117
22,1178
22,1179
22,1222
22,1226
22,1228
22,1238
22,125
22,1263
22,1272
22,1282
22,1291
22,1299
22,13
22,1303
22,1314
22,1336
22,1337
22,134
22,1349
22,1353
22,1367
22,1370
22,1375
22,1376
22,1379
22,1385
22,1388
22,1390
22,1391
22,1393
22,1396
22,1397
22,1419
22,1421
22,143
22,1434
22,1437
22,1451
22,1453
22,1458
22,1489
22,149
22,1490
22,1505
22,1506
22,1515
22,1520
22,1528
22,1534
22,1535
22,1536
22,1541
22,1546
22,1556
22,156
22,1579
22,1585
22,1613
22,1620
22,1632
22,1642
22,1653
22,1677
22,1694
22,1707
22,1720
22,1749
22,1752
22,1764
22,1767
22,1769
22,1776
22,1777
22,1778
22,1785
22,1795
22,1803
22,1804
22,1807
22,1822
22,1824
22,1833
22,1834
22,1836
22,1892
22,19
22,1906
22,1917
22,192
22,1930
22,1936
22,1943
22,1955
22,196
22,1966
22,198
22,1985
22,1997
22,20
22,2004
22,2006
22,2020
22,2030
22,208
22,2082
22,2083
22,2087
22,2088
22,209
22,2095
22,2100
22,2112
22,2129
22,2131
22,2133
22,2141
22,2168
22,217
22,2170
22,2184
22,2185
22,2190
22,2194
22,2199
22,22
22,2200
22,2208
22,2209
22,2233
22,2236
22,2237
22,2260
22,2261
22,2263
22,2264
22,2269
22,2280
22,2295
22,2300
22,2312
22,2314
22,2318
22,2322
22,2337
22,2341
22,2342
22,2366
22,2369
22,2370
22,2374
22,239
22,2400
22,2412
22,2421
22,2424
22,2432
22,2448
22,2450
22,2451
22,2455
22,2459
22,2467
22,2478
22,248
22,2485
22,2486
22,2488
22,256
22,276
22,294
22,305
22,321
22,354
22,358
22,361
22,374
22,376
22,377
22,380
22,389
22,400
22,409
22,425
22,428
22,434
22,46
22,464
22,469
22,470
22,472
22,485
22,510
22,52
22,526
22,527
22,548
22,558
22,560
22,569
22,58
22,588
22,591
22,614
22,636
22,638
22,644
22,660
22,669
22,67
22,674
22,676
22,679
22,68
22,693
22,699
22,703
22,710
22,718
22,732
22,740
22,744
22,761
22,762
22,771
22,779
22,788
22,800
22,804
22,853
22,856
22,859
22,876
22,878
22,88
22,888
22,889
22,895
22,896
22,900
22,908
22,920
22,932
22,934
22,949
22,955
22,956
22,961
22,968
22,97
22,972
22,976
22,979
22,982
22,998
23,1
23,1016
23,1040
23,1042
23,1057
23,1060
23,1103
23,113
23,1142
23,1179
23,1197
23,1216
23,125
23,1257
23,1272
23,1299
23,13
23,1303
23,1326
23,1333
23,1337
23,1349
23,1352
23,1367
23,1375
23,1376
23,1406
23,1425
23,1430
23,1434
23,1445
23,1453
23,1473
23,1489
23,149
23,1501
23,1509
23,1527
23,1534
23,1536
23,1590
23,1591
23,1598
23,161
23,1633
23,1653
23,1659
23,1662
23,1676
23,1677
23,1693
23,1710
23,1726
23,1764
23,1783
23,1820
23,1823
23,1831
23,1837
23,1850
23,1854
23,1872
23,1873
23,1877
23,1899
23,1901
23,1917
23,1937
23,1944
23,1955
23,1962
23,1975
23,1985
23,20
23,2004
23,2070
23,2083
23,2085
23,2086
23,2110
23,2112
23,2116
23,2133
23,2139
23,2141
23,2156
23,2171
23,2185
23,219
23,2193
23,2198
23,2199
23,2207
23,2225
23,2233
23,2266
23,2270
23,2280
23,2284
23,2300
23,2307
23,2312
23,2317
23,2334
23,2351
23,2354
23,2360
23,2366
23,2367
23,2374
23,2378
23,2393
23,2407
23,2421
23,2427
23,243
23,2459
23,2479
23,2489
23,263
23,283
23,301
23,31
23,324
23,328
23,334
23,345
23,371
23,384
23,389
23,39
23,392
23,400
23,412
23,418
23,46
23,469
23,503
23,540
23,56
23,578
23,58
23,591
23,598
23,601
23,669
23,67
23,679
23,68
23,693
23,703
23,707
23,718
23,722
23,744
23,745
23,755
23,762
23,800
23,807
23,816
23,845
23,853
23,857
23,859
23,868
23,876
23,879
23,88
23,888
23,889
23,896
23,906
23,909
23,929
23,936
23,961
23,973
23,979
23,982
23,989
23,99
23,993
24,1238
24,1733
24,1917
24,2185
24,2200
24,2263
24,2317
24,2328
24,304
24,480
24,718
24,778
25,105
25,1238
25,1617
25,1633
25,1828
25,2110
25,2116
25,2185
25,2200
25,2317
25,2448
25,294
25,361
25,365
25,630
25,918
25,926
26,1
26,1021
26,1029
26,1046
26,1057
26,116
26,1234
26,1237
26,1247
26,1256
26,1301
26,132
26,1357
26,1375
26,1378
26,138
26,1391
26,1392
26,1393
26,145
26,1453
26,1470
26,1502
26,1530
26,1534
26,1548
26,1582
26,1601
26,1602
26,1642
26,165
26,1662
26,1671
26,1675
26,1676
26,1693
26,1773
26,1783
26,1790
26,1795
26,181
26,1828
26,1831
26,1859
26,1862
26,1865
26,1920
26,1923
26,1940
26,1944
26,1963
26,1979
26,1995
26,2030
26,2037
26,2058
26,2076
26,208
26,2097
26,2107
26,2117
26,2121
26,214
26,2194
26,2217
26,2262
26,2266
26,2282
26,2284
26,2286
26,2324
26,2351
26,236
26,2474
26,2488
26,27
26,285
26,286
26,288
26,294
26,32
26,324
26,374
26,38
26,384
26,404
26,430
26,439
26,519
26,526
26,569
26,575
26,601
26,622
26,642
26,712
26,732
26,740
26,745
26,754
26,755
26,762
26,766
26,771
26,8
26,817
26,83
26,876
26,877
26,895
26,896
26,901
26,906
26,922
26,926
26,93
26,993
26,997
3,1130
3,1590
3,1633
3,1828
3,1917
3,2305
3,2427
3,676
3,693
3,718
3,926
3,98
27,1001
27,1003
27,1012
27,1015
27,1018
27,1042
27,105
27,1055
27,1060
27,1065
27,1067
27,1070
27,1084
27,1098
27,1102
27,1111
27,1116
27,1117
27,1128
27,1130
27,1132
27,1136
27,1138
27,1139
27,1163
27,1178
27,1182
27,1197
27,122
27,1222
27,1228
27,1238
27,1246
27,125
27,1256
27,1258
27,1263
27,1266
27,1287
27,1289
27,1299
27,1301
27,131
27,1316
27,1317
27,1319
27,132
27,1330
27,1336
27,134
27,1345
27,1350
27,1364
27,1366
27,1367
27,1378
27,1382
27,1388
27,1391
27,1393
27,14
27,140
27,142
27,1420
27,1421
27,1426
27,1452
27,1463
27,1468
27,1476
27,149
27,1490
27,1492
27,1502
27,1508
27,1518
27,1527
27,1528
27,1544
27,1548
27,1549
27,1558
27,1569
27,1579
27,1582
27,1584
27,1607
27,1613
27,1617
27,1620
27,1634
27,1642
27,165
27,1671
27,1675
27,1677
27,17
27,1705
27,1707
27,1710
27,1729
27,1731
27,1745
27,1747
27,1754
27,1756
27,1769
27,1772
27,1779
27,1783
27,1803
27,1806
27,1808
27,181
27,1825
27,1828
27,1833
27,1835
27,1852
27,1856
27,1861
27,1865
27,187
27,1873
27,1883
27,1914
27,1916
27,1917
27,1919
27,1929
27,193
27,1933
27,1943
27,1954
27,1955
27,1959
27,1961
27,1971
27,1974
27,1978
27,1985
27,1988
27,1998
27,2002
27,2006
27,2007
27,2027
27,2046
27,2050
27,2051
27,2058
27,2062
27,2063
27,2076
27,2078
27,208
27,2088
27,2097
27,210
27,2102
27,2110
27,2111
27,2114
27,2116
27,212
27,2124
27,2134
27,2137
27,2141
27,2146
27,2148
27,2168
27,2182
27,2183
27,2185
27,2186
27,219
27,2193
27,2194
27,22
27,2200
27,2205
27,2207
27,2208
27,2215
27,2223
27,2224
27,2228
27,2233
27,2240
27,2244
27,2262
27,2263
27,2274
27,2280
27,2294
27,2305
27,2307
27,2316
27,2317
27,2318
27,2324
27,2328
27,2331
27,2334
27,2341
27,2345
27,235
27,2356
27,2371
27,2377
27,239
27,2406
27,2407
27,2420
27,2427
27,2429
27,2441
27,2443
27,2445
27,2448
27,2451
27,2452
27,2457
27,2459
27,2477
27,2489
27,2493
27,25
27,256
27,258
27,27
27,278
27,281
27,287
27,29
27,294
27,300
27,304
27,317
27,318
27,319
27,32
27,324
27,335
27,345
27,350
27,361
27,362
27,364
27,367
27,368
27,374
27,376
27,381
27,39
27,404
27,405
27,413
27,420
27,425
27,437
27,447
27,454
27,456
27,480
27,481
27,483
27,490
27,495
27,51
27,511
27,52
27,529
27,533
27,536
27,560
27,568
27,572
27,575
27,576
27,578
27,588
27,598
27,603
27,604
27,609
27,624
27,630
27,631
27,635
27,641
27,642
27,650
27,654
27,669
27,670
27,674
27,676
27,679
27,68
27,681
27,682
27,684
27,687
27,691
27,698
27,699
27,700
27,706
27,710
27,712
27,714
27,718
27,720
27,755
27,759
27,776
27,778
27,788
27,795
27,803
27,805
27,806
27,812
27,816
27,834
27,85
27,861
27,864
27,883
27,888
27,889
27,895
27,903
27,907
27,909
27,913
27,918
27,922
27,924
27,926
27,928
27,93
27,932
27,934
27,935
27,936
27,947
27,953
27,96
27,960
27,968
27,972
27,979
27,988
27,989
27,995
27,996
27,997
27,999
4,104
4,1055
4,1081
4,1094
4,113
4,1158
4,1159
4,1166
4,1178
4,1234
4,1271
4,1272
4,13
4,1303
4,1421
4,1451
4,1473
4,1491
4,1527
4,1568
4,1620
4,1639
4,1668
4,1705
4,1729
4,184
4,1852
4,1907
4,1921
4,1944
4,1965
4,1966
4,2082
4,2129
4,22
4,2213
4,2217
4,2233
4,2278
4,2312
4,2343
4,2385
4,2443
4,2446
4,2451
4,2453
4,2462
4,2481
4,2489
4,287
4,289
4,321
4,328
4,329
4,361
4,377
4,396
4,409
4,418
4,456
4,460
4,464
4,503
4,510
4,52
4,57
4,58
4,642
4,647
4,732
4,744
4,766
4,797
4,8
4,845
4,849
4,856
4,898
4,920
4,97
4,972
5,1029
5,1056
5,1069
5,1071
5,108
5,1084
5,1087
5,1104
5,1111
5,1134
5,1139
5,1142
5,1146
5,115
5,1167
5,1178
5,118
5,1187
5,1190
5,1203
5,1229
5,1248
5,125
5,1256
5,1264
5,1270
5,1299
5,13
5,1305
5,1306
5,1337
5,1379
5,1470
5,1489
5,1527
5,1528
5,1529
5,1541
5,1557
5,1586
5,1598
5,160
5,1617
5,1640
5,1677
5,1678
5,1710
5,1731
5,1732
5,1762
5,1763
5,1764
5,1767
5,1778
5,1802
5,1803
5,1804
5,1821
5,1831
5,1834
5,1845
5,1865
5,1873
5,1899
5,1917
5,1919
5,1943
5,1944
5,1954
5,1955
5,1965
5,1975
5,1985
5,1995
5,2007
5,2012
5,2024
5,2047
5,2066
5,2076
5,2078
5,2079
5,2080
5,2110
5,2112
5,2129
5,2133
5,2149
5,2167
5,2170
5,2178
5,2185
5,2188
5,2194
5,2209
5,2226
5,2233
5,2240
5,2245
5,2270
5,2274
5,2294
5,2301
5,2317
5,2318
5,2322
5,2329
5,2331
5,2360
5,2361
5,2380
5,2385
5,2388
5,2395
5,2410
5,2445
5,2453
5,2459
5,2489
5,251
5,290
5,304
5,321
5,336
5,351
5,365
5,40
5,43
5,434
5,467
5,468
5,492
5,524
5,574
5,58
5,583
5,586
5,588
5,595
5,605
5,608
5,636
5,637
5,644
5,65
5,653
5,676
5,709
5,718
5,722
5,738
5,8
5,800
5,81
5,878
5,88
5,888
5,889
5,891
5,895
5,900
5,920
5,932
5,961
5,979
5,982
6,1015
6,1070
6,1078
6,113
6,1166
6,1216
6,1247
6,1272
6,1312
6,1314
6,1378
6,1430
6,1453
6,1491
6,1527
6,1534
6,1557
6,157
6,1687
6,1776
6,1778
6,1788
6,1807
6,1821
6,1823
6,1835
6,1917
6,1966
6,2024
6,2076
6,2115
6,2116
6,2162
6,2199
6,2280
6,2318
6,2322
6,2479
6,2489
6,2498
6,262
6,334
6,40
6,421
6,489
6,492
6,510
6,576
6,623
6,669
6,72
6,766
6,816
6,825
6,856
6,88
6,889
6,920
6,934
6,936
6,973
6,979
6,983
6,993
6,997
7,1004
7,1016
7,1029
7,1032
7,1040
7,1046
7,1053
7,1057
7,1060
7,1066
7,1073
7,1078
7,1081
7,1084
7,1087
7,1111
7,1126
7,113
7,1134
7,1138
7,115
7,1166
7,1181
7,1186
7,1211
7,1216
7,1246
7,1248
7,1256
7,1264
7,1279
7,1297
7,1336
7,1352
7,1378
7,1379
7,1388
7,1394
7,1406
7,1430
7,1434
7,1445
7,1452
7,1461
7,1475
7,1476
7,1527
7,1582
7,165
7,1662
7,1675
7,1677
7,1683
7,1687
7,1694
7,1716
7,1726
7,1752
7,1753
7,1756
7,1764
7,1776
7,1788
7,1807
7,1835
7,1836
7,184
7,1845
7,1852
7,1861
7,1862
7,1895
7,1907
7,1917
7,1919
7,1924
7,1935
7,1975
7,1995
7,20
7,2018
7,2051
7,2079
7,2080
7,2083
7,2088
7,2095
7,2110
7,2111
7,2124
7,2145
7,2162
7,2167
7,2171
7,2178
7,2185
7,2194
7,2270
7,2277
7,2288
7,2296
7,2305
7,2307
7,2317
7,2318
7,2329
7,2331
7,2337
7,2338
7,2341
7,2360
7,2361
7,2366
7,2367
7,2390
7,2395
7,2424
7,243
7,2430
7,2432
7,2462
7,2479
7,2488
7,256
7,262
7,282
7,283
7,289
7,29
7,290
7,329
7,339
7,345
7,354
7,365
7,40
7,409
7,413
7,418
7,428
7,445
7,456
7,463
7,467
7,468
7,489
7,49
7,491
7,493
7,510
7,517
7,524
7,526
7,534
7,553
7,569
7,576
7,591
7,6
7,600
7,622
7,637
7,641
7,644
7,65
7,653
7,660
7,661
7,69
7,690
7,695
7,709
7,728
7,731
7,738
7,74
7,740
7,742
7,761
7,762
7,768
7,78
7,804
7,817
7,836
7,864
7,871
7,883
7,900
7,906
7,93
7,941
7,947
7,952
7,965
7,968
7,979
7,997
8,1
8,1000
8,1004
8,1005
8,1007
8,101
8,1011
8,1012
8,1014
8,1015
8,1016
8,1017
8,1018
8,1019
8,1020
8,1024
8,1025
8,1029
8,103
8,1032
8,1034
8,1039
8,1040
8,1041
8,1042
8,1045
8,1047
8,105
8,1050
8,1053
8,1055
8,1056
8,1057
8,1058
8,1060
8,1064
8,1065
8,1066
8,1069
8,1070
8,1071
8,1072
8,1074
8,1075
8,1078
8,108
8,1081
8,1082
8,1083
8,1084
8,1085
8,1087
8,109
8,1091
8,1094
8,1097
8,1098
8,110
8,1102
8,1103
8,1104
8,1111
8,1113
8,1117
8,1120
8,1121
8,1122
8,1123
8,1124
8,1126
8,1128
8,113
8,1130
8,1132
8,1134
8,1136
8,1137
8,1138
8,1139
8,114
8,1142
8,1145
8,1146
8,115
8,1153
8,1154
8,1157
8,1158
8,1159
8,116
8,1160
8,1163
8,1164
8,1166
8,1167
8,1169
8,117
8,1172
8,1174
8,1175
8,1178
8,1179
8,118
8,1180
8,1181
8,1182
8,1186
8,1187
8,1188
8,119
8,1190
8,1191
8,1193
8,1203
8,1204
8,1206
8,1207
8,121
8,1211
8,1216
8,1219
8,122
8,1222
8,1226
8,1228
8,123
8,1234
8,1236
8,1239
8,1240
8,1245
8,1246
8,1247
8,1248
8,125
8,1251
8,1256
8,1258
8,1259
8,1261
8,1263
8,1264
8,1269
8,1270
8,1271
8,1272
8,1277
8,1279
8,1285
8,1288
8,1291
8,1294
8,1296
8,1297
8,1299
8,13
8,1300
8,1303
8,1305
8,1306
8,1307
8,131
8,1312
8,1314
8,1317
8,1318
8,132
8,1321
8,1325
8,1326
8,133
8,1331
8,1336
8,1337
8,134
8,1349
8,1351
8,1352
8,1353
8,1356
8,1357
8,136
8,1366
8,1367
8,1369
8,137
8,1370
8,1374
8,1375
8,1378
8,1379
8,1382
8,1383
8,1387
8,1388
8,1390
8,1391
8,1392
8,1393
8,1394
8,1396
8,1397
8,1403
8,1406
8,1409
8,1412
8,1418
8,142
8,1421
8,1423
8,1424
8,1425
8,143
8,1430
8,1431
8,1434
8,1437
8,144
8,1443
8,1445
8,1446
8,1451
8,1452
8,1453
8,1458
8,1459
8,1461
8,1462
8,1463
8,1464
8,1470
8,1473
8,1475
8,1476
8,1483
8,1485
8,1488
8,1489
8,149
8,1490
8,1491
8,1492
8,1493
8,1494
8,1499
8,1501
8,1502
8,1505
8,151
8,1511
8,1515
8,1517
8,1520
8,1526
8,1527
8,1528
8,1529
8,1532
8,1534
8,1535
8,1536
8,1537
8,1540
8,1541
8,1542
8,1544
8,1545
8,1548
8,1549
8,155
8,1555
8,1556
8,1557
8,156
8,1563
8,1567
8,1568
8,157
8,1579
8,158
8,1582
8,1584
8,1585
8,1586
8,1588
8,1590
8,1591
8,1593
8,1595
8,1598
8,1599
8,16
8,1601
8,1602
8,1604
8,1607
8,1613
8,1615
8,1617
8,1618
8,1619
8,1620
8,1621
8,1622
8,1630
8,1631
8,1633
8,1634
8,1639
8,1640
8,1642
8,1648
8,165
8,1653
8,1659
8,1662
8,1667
8,1668
8,1672
8,1673
8,1675
8,1676
8,1677
8,1678
8,1683
8,1685
8,1686
8,1687
8,1692
8,1693
8,1694
8,1696
8,17
8,1705
8,1708
8,1710
8,1720
8,1722
8,1723
8,1726
8,1729
8,1731
8,1732
8,1740
8,1742
8,1745
8,1746
8,1747
8,1749
8,1752
8,1753
8,1754
8,1756
8,1759
8,1762
8,1763
8,1764
8,1767
8,1769
8,1772
8,1774
8,1776
8,1777
8,1778
8,1779
8,1781
8,1788
8,179
8,1791
8,1792
8,1795
8,1797
8,18
8,180
8,1800
8,1803
8,1804
8,1806
8,1807
8,1809
8,1810
8,1812
8,1814
8,1816
8,1821
8,1822
8,1823
8,1824
8,1829
8,183
8,1831
8,1833
8,1834
8,1835
8,1836
8,184
8,1845
8,1847
8,1848
8,1849
8,185
8,1852
8,1854
8,1856
8,1858
8,1861
8,1862
8,1864
8,1865
8,1869
8,1872
8,1873
8,1879
8,188
8,1883
8,1889
8,1892
8,1895
8,1899
8,19
8,1901
8,1905
8,1906
8,1907
8,1911
8,1912
8,1916
8,1918
8,1919
8,192
8,1920
8,1922
8,1923
8,1924
8,1927
8,1928
8,1929
8,193
8,1930
8,1935
8,1936
8,1937
8,1939
8,194
8,1943
8,1944
8,1947
8,195
8,1954
8,196
8,1963
8,1965
8,1966
8,1968
8,1969
8,1971
8,1972
8,1974
8,1975
8,1976
8,1978
8,198
8,1981
8,1982
8,1985
8,1989
8,1990
8,1995
8,1998
8,20
8,2004
8,2006
8,2007
8,2011
8,2012
8,2013
8,2014
8,2015
8,2017
8,2018
8,2019
8,2020
8,2021
8,2024
8,2027
8,2030
8,2032
8,2034
8,2035
8,2037
8,2041
8,2042
8,2047
8,2050
8,2051
8,2053
8,2057
8,2058
8,2059
8,2064
8,2066
8,2069
8,2070
8,2074
8,2076
8,2078
8,2079
8,208
8,2080
8,2081
8,2082
8,2083
8,2084
8,2085
8,2087
8,2088
8,209
8,2092
8,2095
8,2097
8,210
8,2100
8,2108
8,2109
8,2112
8,2114
8,2115
8,2117
8,212
8,2121
8,2123
8,2124
8,2129
8,2130
8,2131
8,2133
8,2134
8,2137
8,2138
8,214
8,2142
8,2146
8,2147
8,2148
8,2149
8,2156
8,2159
8,216
8,2162
8,2164
8,2167
8,2168
8,217
8,2170
8,2171
8,2176
8,2178
8,2179
8,218
8,2181
8,2182
8,2183
8,2185
8,2187
8,2188
8,219
8,2190
8,2193
8,2194
8,2199
8,22
8,2200
8,2203
8,2205
8,2207
8,2208
8,221
8,2210
8,2213
8,2215
8,2217
8,222
8,2221
8,2222
8,2225
8,2226
8,2228
8,223
8,2233
8,2235
8,2236
8,2237
8,2238
8,2244
8,2245
8,2247
8,226
8,2260
8,2261
8,2262
8,2263
8,2264
8,2266
8,2269
8,2270
8,2273
8,2274
8,2277
8,2278
8,2280
8,2284
8,2288
8,2289
8,2294
8,2295
8,2296
8,23
8,230
8,2300
8,2301
8,2302
8,2303
8,2305
8,2307
8,2312
8,2314
8,2317
8,2318
8,232
8,2322
8,2324
8,2327
8,2328
8,2329
8,2330
8,2331
8,2334
8,2336
8,2337
8,2341
8,2343
8,2344
8,2345
8,2346
8,235
8,2350
8,2351
8,2354
8,2359
8,2360
8,2366
8,2367
8,2369
8,2370
8,2371
8,2372
8,2379
8,2380
8,2381
8,2385
8,239
8,2390
8,2393
8,2395
8,2405
8,2406
8,2407
8,2410
8,2411
8,2412
8,2415
8,2416
8,2419
8,242
8,2420
8,2421
8,2424
8,2425
8,2426
8,2427
8,243
8,2430
8,2432
8,2437
8,2438
8,2439
8,2440
8,2443
8,2445
8,2446
8,2447
8,2448
8,245
8,2451
8,2452
8,2453
8,2455
8,2459
8,246
8,2462
8,2466
8,2467
8,2470
8,2474
8,2478
8,2481
8,2482
8,2485
8,2488
8,2489
8,249
8,2496
8,2497
8,2498
8,2499
8,25
8,2500
8,253
8,256
8,257
8,258
8,262
8,263
8,27
8,271
8,275
8,276
8,278
8,279
8,28
8,280
8,281
8,282
8,285
8,287
8,288
8,289
8,29
8,290
8,293
8,294
8,297
8,3
8,300
8,302
8,303
8,304
8,305
8,306
8,307
8,312
8,317
8,319
8,32
8,321
8,322
8,324
8,328
8,329
8,330
8,331
8,332
8,333
8,334
8,335
8,336
8,337
8,338
8,342
8,345
8,346
8,350
8,351
8,353
8,354
8,361
8,365
8,367
8,368
8,37
8,371
8,376
8,377
8,378
8,380
8,383
8,384
8,386
8,387
8,389
8,39
8,390
8,392
8,393
8,397
8,4
8,40
8,402
8,404
8,408
8,409
8,410
8,411
8,413
8,414
8,418
8,42
8,420
8,421
8,425
8,426
8,428
8,43
8,434
8,437
8,442
8,443
8,445
8,447
8,45
8,451
8,454
8,456
8,458
8,459
8,46
8,460
8,464
8,467
8,468
8,469
8,47
8,470
8,473
8,475
8,479
8,484
8,489
8,490
8,491
8,492
8,493
8,503
8,507
8,508
8,51
8,510
8,513
8,514
8,517
8,518
8,52
8,524
8,526
8,527
8,530
8,533
8,534
8,536
8,537
8,538
8,540
8,543
8,544
8,545
8,546
8,548
8,55
8,553
8,558
8,56
8,560
8,567
8,568
8,569
8,57
8,570
8,573
8,574
8,575
8,576
8,58
8,580
8,581
8,582
8,583
8,584
8,586
8,588
8,594
8,595
8,596
8,597
8,598
8,6
8,601
8,603
8,605
8,606
8,607
8,608
8,612
8,614
8,618
8,622
8,623
8,624
8,630
8,631
8,634
8,636
8,637
8,638
8,64
8,640
8,641
8,642
8,644
8,647
8,65
8,650
8,653
8,660
8,661
8,663
8,67
8,671
8,674
8,675
8,676
8,679
8,68
8,680
8,681
8,684
8,69
8,690
8,692
8,693
8,694
8,695
8,698
8,699
8,702
8,703
8,705
8,707
8,708
8,709
8,710
8,712
8,714
8,715
8,722
8,725
8,727
8,73
8,731
8,732
8,738
8,74
8,740
8,741
8,742
8,743
8,744
8,745
8,747
8,749
8,752
8,754
8,755
8,760
8,762
8,763
8,766
8,769
8,771
8,779
8,78
8,780
8,784
8,786
8,787
8,788
8,797
8,8
8,800
8,802
8,804
8,805
8,806
8,807
8,808
8,81
8,816
8,817
8,825
8,830
8,836
8,842
8,844
8,845
8,849
8,85
8,850
8,853
8,854
8,855
8,856
8,857
8,86
8,863
8,864
8,867
8,868
8,871
8,873
8,877
8,878
8,88
8,881
8,882
8,883
8,888
8,891
8,895
8,896
8,898
8,900
8,901
8,903
8,906
8,908
8,909
8,911
8,916
8,919
8,92
8,922
8,923
8,925
8,926
8,929
8,93
8,931
8,932
8,936
8,941
8,942
8,947
8,949
8,95
8,952
8,954
8,955
8,956
8,957
8,960
8,961
8,968
8,97
8,972
8,973
8,975
8,976
8,98
8,982
8,983
8,987
8,989
8,99
8,993
8,996
8,997
8,998
9,1004
9,1011
9,1029
9,1032
9,104
9,1040
9,1053
9,1057
9,1064
9,1069
9,1073
9,109
9,1104
9,1113
9,1154
9,1167
9,1175
9,1179
9,1186
9,1216
9,1258
9,1266
9,1287
9,1297
9,1301
9,132
9,1370
9,1378
9,138
9,1383
9,1394
9,1397
9,142
9,1425
9,1429
9,1430
9,1438
9,1454
9,1473
9,1524
9,1534
9,158
9,1590
9,1591
9,1602
9,1618
9,1662
9,1663
9,1675
9,1681
9,1722
9,1749
9,1759
9,1773
9,1790
9,1826
9,1831
9,1836
9,1837
9,184
9,1872
9,1905
9,1923
9,1928
9,1944
9,1947
9,1975
9,1978
9,1995
9,20
9,2013
9,2024
9,2030
9,2068
9,2086
9,2087
9,2107
9,2110
9,2111
9,2121
9,2141
9,2171
9,2178
9,2194
9,2199
9,22
9,220
9,2209
9,2217
9,2225
9,2235
9,2237
9,2243
9,2312
9,2317
9,2324
9,2330
9,235
9,2354
9,2374
9,2379
9,2394
9,2406
9,2419
9,2421
9,243
9,2451
9,2462
9,2467
9,2488
9,2500
9,266
9,282
9,285
9,294
9,301
9,321
9,331
9,36
9,367
9,389
9,404
9,409
9,418
9,442
9,443
9,458
9,489
9,49
9,510
9,55
9,575
9,576
9,58
9,598
9,634
9,642
9,65
9,656
9,67
9,688
9,692
9,697
9,7
9,706
9,708
9,722
9,725
9,726
9,729
9,732
9,740
9,741
9,745
9,754
9,762
9,807
9,817
9,825
9,830
9,845
9,871
9,876
9,877
9,883
9,895
9,896
9,906
9,913
9,916
9,926
9,93
9,941
9,949
9,993
9,997
