household_id,coupon_upc,campaign_id,redemption_date
1029,51380041013,26,2017-01-01
1029,51380041313,26,2017-01-01
165,53377610033,26,2017-01-03
712,51380041013,26,2017-01-07
712,54300016033,26,2017-01-07
2488,51200092776,26,2017-01-10
2488,51410010050,26,2017-01-10
1923,53000012033,26,2017-01-14
1923,54300021057,26,2017-01-14
1923,57047091041,26,2017-01-14
1393,53000012033,26,2017-01-15
1773,51200000033,26,2017-01-22
1773,54060060033,26,2017-01-22
1773,57455024450,26,2017-01-22
896,53663200076,26,2017-01-28
1642,54850010009,26,2017-01-28
2448,52100023020,25,2017-01-28
1795,52840000051,26,2017-01-29
1795,57047091041,26,2017-01-29
1831,54400000033,26,2017-02-08
2280,51254711078,27,2017-02-08
2280,57103800077,27,2017-02-08
93,54400000033,26,2017-02-10
2451,54200000076,27,2017-02-10
681,54460000050,27,2017-02-11
888,52100026076,27,2017-02-12
888,54200000076,27,2017-02-12
947,51113240041,27,2017-02-12
2200,51960010076,27,2017-02-12
2448,51111081540,27,2017-02-12
1029,51380041013,26,2017-02-13
93,51380041013,26,2017-02-14
362,51111070124,27,2017-02-15
362,52586611376,27,2017-02-15
367,51116200076,27,2017-02-15
889,52819011176,27,2017-02-15
889,52920000028,27,2017-02-15
239,51111037250,27,2017-02-17
239,52100026076,27,2017-02-17
883,54154888076,27,2017-02-17
22,51600070033,27,2017-02-18
68,54154888076,27,2017-02-18
681,53620010050,27,2017-02-18
681,54740018078,27,2017-02-18
2124,52100026076,27,2017-02-18
2007,51111010133,27,2017-02-19
2007,51111081160,27,2017-02-19
2451,55100090033,27,2017-02-21
437,57023000076,27,2017-02-22
699,52100026076,27,2017-02-22
367,10000085320,27,2017-02-23
367,51111074232,27,2017-02-23
367,54850011076,27,2017-02-23
588,52100000076,27,2017-02-24
588,52100041013,27,2017-02-24
2148,51111070124,27,2017-02-25
1856,51111010133,27,2017-02-26
1856,52586611376,27,2017-02-26
2448,51015877076,27,2017-02-26
1364,54154888076,27,2017-02-27
2124,55703710075,27,2017-02-27
2331,51111073935,27,2017-02-28
2331,51111074635,27,2017-02-28
367,54154888076,27,2017-03-01
1421,54154888076,27,2017-03-01
2233,54154888076,27,2017-03-01
2233,54850011076,27,2017-03-01
2240,53600011082,27,2017-03-01
239,54460000050,27,2017-03-03
1238,57756765875,27,2017-03-03
239,54589300078,27,2017-03-05
588,10000085320,27,2017-03-05
2305,53010030033,27,2017-03-05
936,53700021125,27,2017-03-06
718,51111070124,27,2017-03-08
2489,52100000076,27,2017-03-14
2489,52100026076,27,2017-03-14
367,52300021041,27,2017-03-15
2305,51111111175,3,2017-03-16
972,57756765875,27,2017-03-17
239,51111074175,2,2017-03-18
1299,51111074175,2,2017-03-18
1299,51530011350,2,2017-03-18
1299,53800030050,2,2017-03-18
1299,57218050076,2,2017-03-18
239,52586611376,27,2017-03-20
1287,52100026075,27,2017-03-20
1287,52100026076,27,2017-03-20
1634,51111010133,27,2017-03-22
1634,53700012075,27,2017-03-22
2244,57790000075,27,2017-03-25
2457,52400060032,27,2017-03-25
2200,54154888076,27,2017-03-26
2427,53620010028,3,2017-03-27
1921,54300026150,4,2017-03-31
93,51380040009,1,2017-04-01
22,52277610055,4,2017-04-02
22,53450050033,4,2017-04-02
22,54300026150,4,2017-04-02
464,51111540076,4,2017-04-03
2443,53450050033,4,2017-04-04
2443,54759930033,4,2017-04-04
22,51111540076,4,2017-04-08
1451,54420933024,4,2017-04-10
2451,54420933024,4,2017-04-10
2451,54300026150,4,2017-04-11
2066,51500050013,5,2017-04-13
979,53700048182,5,2017-04-14
889,53700048182,5,2017-04-18
1710,53700048182,5,2017-04-21
13,53700048182,5,2017-04-22
1917,53663271277,6,2017-04-22
2024,53600010082,5,2017-04-25
115,50813700076,5,2017-04-26
115,53600010082,5,2017-04-26
115,50813700076,5,2017-05-03
115,53600010082,5,2017-05-03
115,57007440087,5,2017-05-03
979,53700048182,5,2017-05-04
979,58087858576,7,2017-05-04
1248,53600010082,5,2017-05-04
2366,53700048051,7,2017-05-07
2366,57050100076,7,2017-05-07
1453,57457010076,8,2017-05-08
2085,10000089029,8,2017-05-08
2085,10000089040,8,2017-05-08
2085,52100041050,8,2017-05-08
2085,55000013033,8,2017-05-08
239,10000089012,8,2017-05-09
1083,55100012140,8,2017-05-09
1453,53600000078,8,2017-05-09
2280,53600000078,8,2017-05-09
306,10000089053,8,2017-05-10
306,53500029075,8,2017-05-10
306,54300031076,8,2017-05-10
307,10000089012,8,2017-05-10
1396,57631000076,8,2017-05-10
222,10000089038,8,2017-05-11
354,10000085364,8,2017-05-11
354,10000085366,8,2017-05-11
397,10000085364,8,2017-05-11
397,57214010082,8,2017-05-11
573,10000085364,8,2017-05-11
573,55000013033,8,2017-05-11
573,57910012076,8,2017-05-11
647,10000085363,8,2017-05-11
647,10000089047,8,2017-05-11
1534,55100012140,8,2017-05-11
1693,51862700076,8,2017-05-11
1795,54132220050,8,2017-05-11
1795,54154889078,8,2017-05-11
1795,55100055075,8,2017-05-11
1795,55100090033,8,2017-05-11
1856,53600000078,8,2017-05-11
2233,10000085366,8,2017-05-11
2233,57910012076,8,2017-05-11
2380,10000089018,8,2017-05-11
2380,53010010033,8,2017-05-11
2380,53800050033,8,2017-05-11
2451,10000085361,8,2017-05-11
2489,10000089054,8,2017-05-11
2489,52700040009,8,2017-05-11
2489,53600000078,8,2017-05-11
239,10000085364,8,2017-05-12
239,54300031076,8,2017-05-12
393,57910012076,8,2017-05-12
1015,10000089026,8,2017-05-12
1098,10000085364,8,2017-05-12
1098,50008130078,8,2017-05-12
1098,53663200076,8,2017-05-12
1098,54610020076,8,2017-05-12
1337,10000085361,8,2017-05-12
1337,57045970076,8,2017-05-12
1677,53600000078,8,2017-05-12
2341,10000085367,8,2017-05-12
2341,52840031033,8,2017-05-12
125,54154888076,8,2017-05-13
125,54154889078,8,2017-05-13
243,10000085361,8,2017-05-13
243,10000089023,8,2017-05-13
243,54154888076,8,2017-05-13
574,10000085361,8,2017-05-13
574,10000089018,8,2017-05-13
574,53810077076,8,2017-05-13
680,53010010033,8,2017-05-13
993,10000085364,8,2017-05-13
993,54154888076,8,2017-05-13
1633,10000085364,8,2017-05-13
679,52740020076,8,2017-05-14
877,10000085364,8,2017-05-14
877,54154888076,8,2017-05-14
877,55100012140,8,2017-05-14
877,57192117133,8,2017-05-14
1430,10000085364,8,2017-05-14
1618,52586611376,8,2017-05-14
1937,10000085361,8,2017-05-14
1965,10000085361,8,2017-05-14
2115,10000085363,8,2017-05-14
2115,57045970076,8,2017-05-14
46,10000085361,8,2017-05-15
46,10000085363,8,2017-05-15
1588,10000085364,8,2017-05-15
1687,10000085364,8,2017-05-15
1975,57631000076,8,2017-05-15
2317,10000085364,8,2017-05-15
2317,51111110076,8,2017-05-15
2317,53620010050,8,2017-05-15
56,57800000033,8,2017-05-16
306,10000085361,8,2017-05-16
389,57127900036,8,2017-05-16
426,53010010033,8,2017-05-16
426,57064021233,8,2017-05-16
931,10000085363,8,2017-05-16
931,51111110076,8,2017-05-16
931,52700040009,8,2017-05-16
931,53500051576,8,2017-05-16
931,53600000078,8,2017-05-16
931,53800050033,8,2017-05-16
931,54200000033,8,2017-05-16
931,54450031033,8,2017-05-16
931,57192117133,8,2017-05-16
931,57631000076,8,2017-05-16
1005,10000085363,8,2017-05-16
1005,10000089053,8,2017-05-16
1005,10000089054,8,2017-05-16
1005,53620010050,8,2017-05-16
1066,53600000078,8,2017-05-16
1098,10000085363,8,2017-05-16
1247,10000085364,8,2017-05-16
1247,57631000076,8,2017-05-16
1394,54154888076,8,2017-05-16
1591,55100012140,8,2017-05-16
1591,55410000076,8,2017-05-16
2380,10000085364,8,2017-05-16
1,10000085364,8,2017-05-17
1,51700010076,8,2017-05-17
115,54450031033,8,2017-05-17
232,55100012140,8,2017-05-17
279,10000085363,8,2017-05-17
929,10000089029,8,2017-05-17
929,55100055075,8,2017-05-17
982,10000085363,8,2017-05-17
1024,10000085363,8,2017-05-17
1299,10000085364,8,2017-05-17
1299,53010010033,8,2017-05-17
1356,10000085361,8,2017-05-17
1421,54154888076,8,2017-05-17
2448,10000085364,8,2017-05-17
8,53600000078,8,2017-05-18
56,54200000033,8,2017-05-18
353,10000085363,8,2017-05-18
692,10000085363,8,2017-05-18
2233,57127900036,8,2017-05-18
2317,55113140076,8,2017-05-18
2330,10000085364,8,2017-05-18
2330,54470020031,8,2017-05-18
2330,57127900036,8,2017-05-18
13,10000085364,8,2017-05-20
93,51111121078,7,2017-05-20
294,10000085361,8,2017-05-20
630,10000085364,8,2017-05-20
1285,57910012076,8,2017-05-20
1318,55150026032,8,2017-05-20
1529,10000085364,8,2017-05-20
1534,57127900036,8,2017-05-20
1791,10000085363,8,2017-05-20
1823,53800050033,8,2017-05-20
1935,58087858576,7,2017-05-20
1937,10000085361,8,2017-05-20
1937,10000085366,8,2017-05-20
1937,10000089006,8,2017-05-20
1937,52898920076,8,2017-05-20
2430,10000085361,8,2017-05-20
2430,10000089032,8,2017-05-20
2448,10000085364,8,2017-05-20
2496,10000085363,8,2017-05-20
2496,57045970076,8,2017-05-20
2496,57910070076,8,2017-05-20
294,50800490078,8,2017-05-21
1677,10000085361,8,2017-05-21
1708,10000085361,8,2017-05-21
1708,55100055075,8,2017-05-21
1708,55100090033,8,2017-05-21
1759,10000089015,8,2017-05-21
2082,52484270076,8,2017-05-21
2284,10000085363,8,2017-05-21
2462,52898920076,8,2017-05-21
117,10000085361,8,2017-05-22
117,10000089019,8,2017-05-22
117,54154888076,8,2017-05-22
574,55100012140,8,2017-05-22
1228,10000085363,8,2017-05-22
1694,10000085361,8,2017-05-22
1694,54154889078,8,2017-05-22
2019,53600000078,8,2017-05-22
2019,54610020076,8,2017-05-22
2366,10000089054,8,2017-05-22
1,54200000033,8,2017-05-23
208,55100090033,8,2017-05-23
605,10000085361,8,2017-05-23
702,10000085364,8,2017-05-23
1066,50800490078,8,2017-05-23
1451,10000085363,8,2017-05-23
1451,53010010033,8,2017-05-23
1451,57047092032,8,2017-05-23
1726,10000085364,8,2017-05-23
1726,10000085373,7,2017-05-23
1726,57050100076,7,2017-05-23
2041,10000085363,8,2017-05-23
18,53700020076,8,2017-05-24
18,55000013033,8,2017-05-24
115,53760084282,8,2017-05-24
165,10000085363,8,2017-05-24
1256,10000085363,8,2017-05-24
1453,10000089013,8,2017-05-24
1453,52840000075,8,2017-05-24
1453,53475600050,8,2017-05-24
1453,57064021233,8,2017-05-24
1528,10000085363,8,2017-05-24
1648,10000085363,8,2017-05-24
1648,51981012076,8,2017-05-24
1648,57910012076,8,2017-05-24
2451,52484270076,8,2017-05-24
256,10000085361,8,2017-05-25
998,52740020076,8,2017-05-25
1687,10000085364,8,2017-05-25
1856,52370020076,8,2017-05-25
1856,57047092032,8,2017-05-25
2004,51312010033,8,2017-05-25
2004,52100041050,8,2017-05-25
115,54100027009,8,2017-05-26
490,52370020076,8,2017-05-26
1064,10000085369,8,2017-05-26
1064,57127900036,8,2017-05-26
1864,10000085361,8,2017-05-26
1864,50930030075,8,2017-05-26
1864,53475600050,8,2017-05-26
1864,57457010076,8,2017-05-26
2200,10000085363,8,2017-05-26
2200,10000085369,8,2017-05-26
2264,10000085364,8,2017-05-26
2462,10000085364,8,2017-05-26
2462,54610020076,8,2017-05-26
67,10000085364,8,2017-05-27
67,53663200076,8,2017-05-27
67,54154889078,8,2017-05-27
67,54900065051,8,2017-05-27
67,57756765076,8,2017-05-27
262,50800490036,8,2017-05-27
518,10000085363,8,2017-05-27
518,10000085369,8,2017-05-27
1098,10000089012,8,2017-05-27
1098,10000089047,8,2017-05-27
1098,10000089051,8,2017-05-27
1098,50004110076,8,2017-05-27
1113,10000085364,8,2017-05-27
1113,54154888076,8,2017-05-27
1421,10000085363,8,2017-05-27
1593,10000085363,8,2017-05-27
1778,52484270076,8,2017-05-27
2322,54154888076,8,2017-05-27
2004,54200000033,8,2017-05-28
574,53800050033,8,2017-05-29
864,51981012076,8,2017-05-29
1167,10000089055,8,2017-05-29
1167,53663200076,8,2017-05-29
1568,52310030076,8,2017-05-29
1568,54300031076,8,2017-05-29
1591,10000085363,8,2017-05-29
1591,53800050033,8,2017-05-29
1963,10000085363,8,2017-05-29
1963,52370020076,8,2017-05-29
2222,50004110076,8,2017-05-29
13,53600000078,8,2017-05-30
1694,57045970076,8,2017-05-30
1944,10000085364,8,2017-05-31
1944,10000089044,8,2017-05-31
1944,51862700076,8,2017-05-31
1944,52370020076,8,2017-05-31
1944,52580010042,9,2017-05-31
1944,53000021076,8,2017-05-31
1990,10000085369,8,2017-05-31
2082,10000085363,8,2017-05-31
588,10000085363,8,2017-06-01
588,10000089045,8,2017-06-01
588,10000089046,8,2017-06-01
588,51312010033,8,2017-06-01
1762,10000089012,8,2017-06-01
1762,51800009050,8,2017-06-01
1762,53600000078,8,2017-06-01
2004,10000085363,8,2017-06-01
2199,10000085364,8,2017-06-01
2199,52100041050,8,2017-06-01
2199,53000021076,8,2017-06-01
2199,57045970076,8,2017-06-01
276,10000085361,8,2017-06-02
294,54154889078,8,2017-06-02
67,52840042077,9,2017-06-03
93,52580010042,9,2017-06-03
367,53700020076,8,2017-06-03
367,53800050033,8,2017-06-03
367,53800050033,9,2017-06-03
367,57800000033,8,2017-06-03
1541,10000085364,8,2017-06-03
1541,55000013033,8,2017-06-03
1541,55100090033,8,2017-06-03
1823,10000085364,8,2017-06-03
1823,51111110076,8,2017-06-03
1823,55100012140,8,2017-06-03
1975,52580010042,9,2017-06-03
2370,10000085363,8,2017-06-03
214,51266950076,8,2017-06-04
256,10000085369,8,2017-06-04
383,53600000078,8,2017-06-04
630,54154888076,8,2017-06-04
647,53600000078,8,2017-06-04
877,52840042077,9,2017-06-04
877,55004910025,9,2017-06-04
1475,52100041050,8,2017-06-04
1773,10000089064,9,2017-06-04
1937,53000021076,8,2017-06-04
1029,10000085363,8,2017-06-05
1146,52370020076,8,2017-06-05
1694,52100041050,8,2017-06-05
2451,51380041309,9,2017-06-05
2451,54154888076,8,2017-06-05
2451,54850011033,9,2017-06-05
389,10000085361,8,2017-06-07
1529,10000089015,8,2017-06-07
1529,51958211075,8,2017-06-07
1529,54300031076,8,2017-06-07
1963,10000089049,8,2017-06-07
1963,52898920076,8,2017-06-07
2004,51800009050,8,2017-06-07
2322,54610020076,8,2017-06-07
2322,57047092032,8,2017-06-07
2448,54450031033,8,2017-06-07
158,52100000033,9,2017-06-08
426,10000089020,8,2017-06-08
1630,53700067076,8,2017-06-08
2042,10000085364,8,2017-06-08
2042,52100041050,8,2017-06-08
2042,53620010050,8,2017-06-08
2042,57631000076,8,2017-06-08
2406,52100000033,9,2017-06-08
2406,53700060051,9,2017-06-08
2462,57127900036,8,2017-06-08
367,10000085361,8,2017-06-09
367,10000089048,8,2017-06-09
367,54154888076,8,2017-06-09
367,57192117133,8,2017-06-09
1463,10000085363,8,2017-06-09
2168,10000085363,8,2017-06-09
1175,55000013033,8,2017-06-10
1175,57045970076,8,2017-06-10
2004,54300031076,8,2017-06-10
321,10000089064,9,2017-06-11
321,52840042077,9,2017-06-11
1475,10000085364,8,2017-06-11
1475,10000089018,8,2017-06-11
1642,10000085366,8,2017-06-11
2007,53600000078,8,2017-06-11
13,52370020076,8,2017-06-12
22,54850011033,9,2017-06-12
2019,10000085363,8,2017-06-12
2317,53663200076,8,2017-06-12
1451,53076800082,8,2017-06-13
1451,54154889078,8,2017-06-13
2489,57047092032,8,2017-06-13
581,52840031033,8,2017-06-14
1726,55150010034,8,2017-06-14
2500,53663200076,8,2017-06-14
2500,54300031076,8,2017-06-14
367,51380041309,9,2017-06-15
2019,51700010076,8,2017-06-15
588,55100012140,8,2017-06-16
2004,52920000042,8,2017-06-16
2199,10000085378,9,2017-06-16
2199,54300026033,9,2017-06-16
2324,10000085363,8,2017-06-16
2324,10000085366,8,2017-06-16
2421,10000085363,8,2017-06-16
2421,52840031033,8,2017-06-16
421,10000085364,8,2017-06-18
1166,53700067076,8,2017-06-18
1936,10000085363,8,2017-06-18
2448,54440020034,8,2017-06-18
2451,57127900036,8,2017-06-18
2455,55000013033,8,2017-06-18
1694,10000089029,8,2017-06-19
67,53800050033,8,2017-06-20
67,53800050033,9,2017-06-20
67,55000013050,8,2017-06-20
143,10000085363,8,2017-06-20
1693,10000085361,8,2017-06-20
2451,53800050033,8,2017-06-20
2451,53800050033,9,2017-06-20
680,10000085363,8,2017-06-21
895,10000085364,8,2017-06-21
454,57910012076,8,2017-06-22
378,53600000078,8,2017-06-23
1357,10000085364,8,2017-06-23
2007,10000085363,8,2017-06-23
2481,10000085364,8,2017-06-23
545,10000085361,8,2017-06-24
545,50800490078,8,2017-06-24
545,53600000078,8,2017-06-24
545,55100012140,8,2017-06-24
574,10000085368,8,2017-06-24
574,54300080075,8,2017-06-24
877,53800050033,8,2017-06-24
877,53800050033,9,2017-06-24
1753,51410030033,8,2017-06-24
1823,51780034078,8,2017-06-24
29,55100012140,8,2017-06-25
378,10000085363,8,2017-06-25
1726,10000085361,8,2017-06-25
1753,51600040033,8,2017-06-25
1795,10000085366,8,2017-06-25
1795,53800087950,8,2017-06-25
1795,55100055075,8,2017-06-25
1591,10000085378,9,2017-06-27
1591,52100000033,9,2017-06-27
1591,52100061076,9,2017-06-27
1591,52840042077,9,2017-06-27
1591,53800050033,9,2017-06-27
1591,54850011033,9,2017-06-27
1591,55004910025,9,2017-06-27
1923,51380041309,9,2017-06-28
1923,52100061076,9,2017-06-28
1923,52580010042,9,2017-06-28
1923,53700060051,9,2017-06-28
282,10000085378,9,2017-06-29
282,53700060051,9,2017-06-29
282,54300026033,9,2017-06-29
282,57064021233,9,2017-06-29
1947,50834620078,9,2017-06-30
1947,54850011033,9,2017-06-30
1429,52100000033,9,2017-07-01
2240,53600000082,10,2017-07-01
2280,53700048182,10,2017-07-01
443,52100000033,9,2017-07-02
443,54300026033,9,2017-07-02
1040,53700060051,9,2017-07-02
574,10000085370,10,2017-07-03
605,10000085370,10,2017-07-04
605,53700048182,10,2017-07-04
1541,53600000082,10,2017-07-04
2124,51500059033,10,2017-07-04
574,55220010013,10,2017-07-09
605,53700048182,10,2017-07-09
1710,50813713084,10,2017-07-09
982,54110030074,10,2017-07-10
13,53600050042,11,2017-07-13
2451,10000089073,12,2017-07-14
1899,10000089073,12,2017-07-16
1899,51800000050,12,2017-07-16
1899,52100023024,12,2017-07-16
2462,10000089073,12,2017-07-16
605,50813713084,10,2017-07-17
2080,10000089073,12,2017-07-18
2080,51800000050,12,2017-07-18
2080,53800050033,12,2017-07-18
2124,10000089073,12,2017-07-18
2124,54300010033,12,2017-07-18
88,57940062040,11,2017-07-21
1451,55150000034,11,2017-07-21
2200,51600045033,12,2017-07-22
2200,52529311476,12,2017-07-22
1710,53700048182,10,2017-07-23
1899,51800015033,12,2017-07-23
1899,54470031076,12,2017-07-23
1899,57790000032,12,2017-07-23
2421,10000089073,12,2017-07-24
2124,54470031076,12,2017-07-25
1229,10000089073,12,2017-07-26
1229,52100023024,12,2017-07-26
1229,54470031076,12,2017-07-26
1229,57680000025,12,2017-07-26
1856,10000089073,12,2017-07-27
2042,10000089073,12,2017-07-28
13,53600000082,10,2017-07-29
718,53600000082,10,2017-07-29
1326,55150000034,11,2017-07-29
1707,57033040050,11,2017-07-29
1633,10000089073,12,2017-08-01
1633,51600045033,12,2017-08-01
389,10000085426,13,2017-08-08
389,10000089093,13,2017-08-08
596,10000085425,13,2017-08-08
1305,10000089102,13,2017-08-08
1305,52740022050,13,2017-08-08
2124,51800000050,12,2017-08-08
40,10000089106,13,2017-08-09
351,10000085429,13,2017-08-09
351,52740022050,13,2017-08-09
367,54100024950,13,2017-08-09
1066,50800490076,13,2017-08-09
1098,52840011033,13,2017-08-09
1247,10000085425,13,2017-08-09
1247,54300020076,13,2017-08-09
1256,53620064076,13,2017-08-09
2011,10000085429,13,2017-08-09
2011,10000085432,13,2017-08-09
2123,10000085425,13,2017-08-09
2123,51113240013,13,2017-08-09
2123,52016910055,13,2017-08-09
2123,54180010033,13,2017-08-09
2123,54650050060,13,2017-08-09
2123,57255400076,13,2017-08-09
2217,10000085426,13,2017-08-09
2331,10000089110,13,2017-08-09
2380,10000089108,13,2017-08-09
2380,51600070033,13,2017-08-09
2380,54200000076,13,2017-08-09
2380,54369530009,13,2017-08-09
2421,57631000076,13,2017-08-09
2427,10000085427,13,2017-08-09
2427,10000085432,13,2017-08-09
2489,10000085425,13,2017-08-09
2489,51600070033,13,2017-08-09
2489,51960060050,13,2017-08-09
2489,55150000034,11,2017-08-09
464,50800490076,13,2017-08-10
469,10000085429,13,2017-08-10
600,51600070033,13,2017-08-10
600,51960060050,13,2017-08-10
979,10000085425,13,2017-08-10
979,10000085426,13,2017-08-10
979,10000085427,13,2017-08-10
979,51480000076,13,2017-08-10
979,54900065036,13,2017-08-10
982,10000085425,13,2017-08-10
982,52740022050,13,2017-08-10
982,57255400076,13,2017-08-10
1175,10000085429,13,2017-08-10
1175,53700040075,13,2017-08-10
1175,55000013050,13,2017-08-10
1726,10000085426,13,2017-08-10
1726,10000085432,13,2017-08-10
1726,53600040087,13,2017-08-10
1726,54263410033,13,2017-08-10
1845,53620010050,13,2017-08-10
1845,54154888076,13,2017-08-10
1907,10000085429,13,2017-08-10
1907,10000089111,13,2017-08-10
2334,10000085425,13,2017-08-10
2334,54200000076,13,2017-08-10
256,10000085426,13,2017-08-11
256,10000089136,13,2017-08-11
256,57047091041,13,2017-08-11
630,10000085425,13,2017-08-11
630,52840011033,13,2017-08-11
650,52100040050,13,2017-08-11
805,10000085425,13,2017-08-11
805,10000089076,13,2017-08-11
805,51600070033,13,2017-08-11
805,52740022050,13,2017-08-11
805,57105210033,13,2017-08-11
920,10000085425,13,2017-08-11
920,10000085429,13,2017-08-11
920,51600070033,13,2017-08-11
920,54200000076,13,2017-08-11
993,10000085427,13,2017-08-11
993,10000085429,13,2017-08-11
993,10000089124,13,2017-08-11
993,54200000076,13,2017-08-11
1005,10000089128,13,2017-08-11
1113,54180010033,13,2017-08-11
2314,52898920076,13,2017-08-11
2314,57631000076,13,2017-08-11
2370,54200000076,13,2017-08-11
346,10000089111,13,2017-08-12
378,57127930075,13,2017-08-12
702,10000085427,13,2017-08-12
702,10000089106,13,2017-08-12
702,52100040050,13,2017-08-12
712,10000085426,13,2017-08-12
968,55000013050,13,2017-08-12
1000,10000089124,13,2017-08-12
1944,52840042034,13,2017-08-12
1944,53800050033,13,2017-08-12
1944,58978500076,13,2017-08-12
2407,10000085425,13,2017-08-12
2407,10000089128,13,2017-08-12
2407,52740022050,13,2017-08-12
2407,57680810050,13,2017-08-12
22,51440050055,13,2017-08-13
93,53800050033,13,2017-08-13
93,54369530009,13,2017-08-13
679,10000085428,13,2017-08-13
679,57631000076,13,2017-08-13
703,10000085429,13,2017-08-13
703,51480000076,13,2017-08-13
703,51600070033,13,2017-08-13
703,54300020076,13,2017-08-13
703,54800111033,13,2017-08-13
845,10000085427,13,2017-08-13
845,51111113178,13,2017-08-13
845,54263410033,13,2017-08-13
1687,10000085426,13,2017-08-13
1831,51600070033,13,2017-08-13
1831,57047091041,13,2017-08-13
1917,10000089109,13,2017-08-13
1917,51960010076,13,2017-08-13
1917,52740022050,13,2017-08-13
1917,54154888076,13,2017-08-13
1917,54300020076,13,2017-08-13
1965,10000089133,13,2017-08-13
2087,10000085426,13,2017-08-13
2087,10000089079,13,2017-08-13
2087,54154888076,13,2017-08-13
2087,54300020076,13,2017-08-13
2087,55714580087,13,2017-08-13
2087,57680810050,13,2017-08-13
249,52840050076,13,2017-08-14
361,52927461001,13,2017-08-14
361,55410000076,13,2017-08-14
397,10000085429,13,2017-08-14
397,53800050033,13,2017-08-14
397,54300020076,13,2017-08-14
397,54369530009,13,2017-08-14
1011,10000085427,13,2017-08-14
1011,10000085432,13,2017-08-14
1011,54154888076,13,2017-08-14
2147,10000085425,13,2017-08-14
2147,10000089133,13,2017-08-14
2147,54150023150,13,2017-08-14
2147,57680810050,13,2017-08-14
2233,10000085425,13,2017-08-14
2233,54154888076,13,2017-08-14
2233,57047091041,13,2017-08-14
2305,10000085426,13,2017-08-14
2305,52740022050,13,2017-08-14
2380,56414410013,13,2017-08-14
239,52740022050,13,2017-08-15
458,10000089124,13,2017-08-15
679,53010030033,13,2017-08-15
1000,50000540082,13,2017-08-15
1000,51480000076,13,2017-08-15
1000,53700040075,13,2017-08-15
1907,52038210082,13,2017-08-15
2064,51980010075,13,2017-08-15
2064,54200000076,13,2017-08-15
2083,51981012076,13,2017-08-15
2441,54180010033,13,2017-08-15
2441,57631000076,13,2017-08-15
13,51600070033,13,2017-08-16
13,52500060033,11,2017-08-16
13,54154889076,13,2017-08-16
40,53620010050,13,2017-08-16
934,51600070033,13,2017-08-16
1074,10000085425,13,2017-08-16
1074,10000085426,13,2017-08-16
1074,10000085429,13,2017-08-16
2007,10000085428,13,2017-08-16
2007,10000085429,13,2017-08-16
2156,56414410013,13,2017-08-16
2280,10000085427,13,2017-08-16
2280,51700010076,13,2017-08-16
895,10000085425,13,2017-08-17
979,55410000076,13,2017-08-17
979,57105210033,13,2017-08-17
1098,54100024950,13,2017-08-17
1256,55703711082,13,2017-08-17
1488,52927461001,13,2017-08-17
1488,54154889076,13,2017-08-17
1488,56414410013,13,2017-08-17
1509,53700040075,13,2017-08-17
1633,10000089124,13,2017-08-17
1633,10000089128,13,2017-08-17
1823,10000085429,13,2017-08-17
1823,10000089098,13,2017-08-17
1823,10000089113,13,2017-08-17
2112,54100024950,13,2017-08-17
2112,55000013050,13,2017-08-17
2451,10000085428,13,2017-08-17
2451,51254711082,13,2017-08-17
2451,51600070033,13,2017-08-17
2451,54154888076,13,2017-08-17
2451,57047091041,13,2017-08-17
2451,57680810050,13,2017-08-17
2467,10000085426,13,2017-08-17
2467,56414410013,13,2017-08-17
2475,51600070033,13,2017-08-17
67,10000085426,13,2017-08-18
67,53700040075,13,2017-08-18
143,54300020076,13,2017-08-18
143,55410000076,13,2017-08-18
184,10000085426,13,2017-08-18
184,10000089091,13,2017-08-18
184,53620010050,13,2017-08-18
588,10000089106,13,2017-08-18
588,10000089113,13,2017-08-18
588,51600050042,13,2017-08-18
588,53620010050,13,2017-08-18
883,10000085429,13,2017-08-18
883,10000089134,13,2017-08-18
982,10000089124,13,2017-08-18
982,51600040033,13,2017-08-18
1029,51480000076,13,2017-08-18
1421,10000085429,13,2017-08-18
1421,10000089128,13,2017-08-18
1421,54154888076,13,2017-08-18
1421,57047091041,13,2017-08-18
1508,10000085426,13,2017-08-18
1508,10000089124,13,2017-08-18
1508,10000089137,13,2017-08-18
1508,51600070033,13,2017-08-18
1990,10000089111,13,2017-08-18
2124,10000089111,13,2017-08-18
2305,51600070033,13,2017-08-18
18,10000085429,13,2017-08-19
18,51380020033,13,2017-08-19
18,55000013050,13,2017-08-19
99,10000085426,13,2017-08-19
464,10000085428,13,2017-08-19
464,51111113178,13,2017-08-19
764,10000085429,13,2017-08-19
889,51600040033,13,2017-08-19
889,53663250076,13,2017-08-19
889,58978500076,13,2017-08-19
1020,50000540082,13,2017-08-19
1113,52898920076,13,2017-08-19
1394,54154888076,13,2017-08-19
1598,10000085429,13,2017-08-19
1778,10000085429,13,2017-08-19
1778,10000089106,13,2017-08-19
1778,54154888076,13,2017-08-19
1937,52898920076,13,2017-08-19
1937,54300020076,13,2017-08-19
1937,55000034042,13,2017-08-19
2004,10000085429,13,2017-08-19
2019,10000089082,13,2017-08-19
2019,10000089106,13,2017-08-19
2019,54300020076,13,2017-08-19
2199,10000085426,13,2017-08-19
2489,10000085425,13,2017-08-19
2489,10000085427,13,2017-08-19
2489,10000085429,13,2017-08-19
2489,10000089098,13,2017-08-19
2489,10000089124,13,2017-08-19
2489,51254711082,13,2017-08-19
2489,51480000076,13,2017-08-19
2489,51600040033,13,2017-08-19
2489,52927461001,13,2017-08-19
2489,53500051576,11,2017-08-19
2489,54300020076,13,2017-08-19
2489,56414410013,13,2017-08-19
2489,57047091041,13,2017-08-19
184,54800111033,13,2017-08-20
458,10000085432,13,2017-08-20
472,10000085425,13,2017-08-20
472,51600040033,13,2017-08-20
472,51600070033,13,2017-08-20
472,51700010076,13,2017-08-20
472,53700061076,13,2017-08-20
472,54000016333,13,2017-08-20
472,54154888076,13,2017-08-20
472,54180010033,13,2017-08-20
472,54200000076,13,2017-08-20
472,57033030076,13,2017-08-20
888,10000089091,13,2017-08-20
888,10000089098,13,2017-08-20
888,53620010050,13,2017-08-20
888,54100027032,13,2017-08-20
1098,53010030033,13,2017-08-20
1294,51600070033,13,2017-08-20
1475,10000085429,13,2017-08-20
1475,53700016682,13,2017-08-20
1529,51600070033,13,2017-08-20
1529,54100027032,13,2017-08-20
1529,54180060033,13,2017-08-20
1529,54369530009,13,2017-08-20
1726,54154888076,13,2017-08-20
1726,54175711040,13,2017-08-20
1726,55100012007,13,2017-08-20
1823,54154888076,13,2017-08-20
1995,10000085428,13,2017-08-20
1995,10000089098,13,2017-08-20
1995,51480000076,13,2017-08-20
1995,54300020076,13,2017-08-20
2200,10000085425,13,2017-08-20
2200,54154888076,13,2017-08-20
2366,10000085429,13,2017-08-20
2366,10000089106,13,2017-08-20
2366,53010030033,13,2017-08-20
2366,53620010050,13,2017-08-20
2366,54300020076,13,2017-08-20
387,10000085429,13,2017-08-21
1423,10000089124,13,2017-08-21
1694,10000085429,13,2017-08-21
1694,52740022050,13,2017-08-21
2185,10000085426,13,2017-08-21
2185,51480000076,13,2017-08-21
2185,51980010075,13,2017-08-21
2351,10000089081,13,2017-08-21
2351,51700010076,13,2017-08-21
2351,53620010050,13,2017-08-21
2351,55410000076,13,2017-08-21
115,10000085429,13,2017-08-22
115,51910011176,13,2017-08-22
115,56414410013,13,2017-08-22
518,51981012076,13,2017-08-22
864,10000085429,13,2017-08-22
864,52580010042,13,2017-08-22
2084,10000085425,13,2017-08-22
2374,50004510078,13,2017-08-22
764,53663250076,13,2017-08-23
764,54154889076,13,2017-08-23
2317,10000085429,13,2017-08-23
2317,51480000076,13,2017-08-23
2317,57047091041,13,2017-08-23
354,52016910055,13,2017-08-24
979,54369530009,13,2017-08-24
1376,10000089124,13,2017-08-24
1376,51111113178,13,2017-08-24
1376,52100040050,13,2017-08-24
1376,57631000076,13,2017-08-24
1856,51111113178,13,2017-08-24
1856,51780061082,13,2017-08-24
2217,51780031082,13,2017-08-24
2305,53620010050,13,2017-08-24
2305,54200000076,13,2017-08-24
117,10000085426,13,2017-08-25
117,10000085427,13,2017-08-25
243,10000085427,13,2017-08-25
492,10000085425,13,2017-08-25
630,53620010050,13,2017-08-25
1995,52100040050,13,2017-08-25
2351,10000085426,13,2017-08-25
2351,10000089134,13,2017-08-25
2380,10000089127,13,2017-08-25
2489,52740022050,13,2017-08-25
139,54300020076,13,2017-08-26
982,50800490076,13,2017-08-26
1197,10000085429,13,2017-08-26
1197,50308412076,13,2017-08-26
1197,50813790076,13,2017-08-26
1197,51600070033,13,2017-08-26
1197,51980010075,13,2017-08-26
1197,52740022050,13,2017-08-26
1197,52840050076,13,2017-08-26
1197,53700040075,13,2017-08-26
1197,54300020076,13,2017-08-26
1197,55410000076,13,2017-08-26
1197,56414410013,13,2017-08-26
1197,57047091041,13,2017-08-26
1197,57631000076,13,2017-08-26
1677,10000085425,13,2017-08-26
1677,10000085426,13,2017-08-26
1677,10000085427,13,2017-08-26
1687,10000089077,13,2017-08-26
1937,53800050033,13,2017-08-26
2147,10000089127,13,2017-08-26
2147,51330021113,13,2017-08-26
2467,53010030033,13,2017-08-26
2496,10000085429,13,2017-08-26
490,51113240013,13,2017-08-27
490,51600040033,13,2017-08-27
490,54369530009,13,2017-08-27
490,56414410013,13,2017-08-27
878,10000085425,13,2017-08-27
878,10000089128,13,2017-08-27
1098,10000085425,13,2017-08-27
1475,10000089124,13,2017-08-27
1475,52740022050,13,2017-08-27
1788,10000085427,13,2017-08-27
1788,52580010042,13,2017-08-27
1788,53800050033,13,2017-08-27
1823,53700061076,13,2017-08-27
1823,57680810050,13,2017-08-27
1965,10000085427,13,2017-08-27
2237,10000089081,13,2017-08-27
2237,51600070033,13,2017-08-27
2237,54100024950,13,2017-08-27
2237,57047091041,13,2017-08-27
156,55150026055,13,2017-08-28
864,52740022050,13,2017-08-28
1633,10000085429,13,2017-08-28
1869,10000089123,13,2017-08-28
1869,52100040050,13,2017-08-28
1869,53620010050,13,2017-08-28
2085,51600050042,13,2017-08-28
2085,52740022050,13,2017-08-28
949,10000085425,13,2017-08-29
949,10000085428,13,2017-08-29
949,57047091041,13,2017-08-29
1012,55150026055,13,2017-08-29
1831,10000085425,13,2017-08-29
1831,53800050033,13,2017-08-29
2019,10000089092,13,2017-08-29
22,51440050055,13,2017-08-30
101,10000085429,13,2017-08-30
101,10000089135,13,2017-08-30
426,10000085429,13,2017-08-30
1146,10000085429,13,2017-08-30
1146,51960010076,13,2017-08-30
1146,53620010050,13,2017-08-30
1791,10000085429,13,2017-08-30
716,10000085425,13,2017-08-31
716,53663250076,13,2017-08-31
947,10000085427,13,2017-08-31
947,51113240013,13,2017-08-31
947,51116221076,13,2017-08-31
1039,54300020076,13,2017-08-31
1066,51480000076,13,2017-08-31
1357,10000085426,13,2017-08-31
1959,10000085429,13,2017-08-31
40,10000089098,13,2017-09-01
788,53010030033,13,2017-09-01
864,10000085426,13,2017-09-01
864,52927461001,13,2017-09-01
954,52100040050,13,2017-09-01
954,56414410013,13,2017-09-01
1015,10000089124,13,2017-09-01
1015,57756765076,13,2017-09-01
1764,10000085425,13,2017-09-01
1764,53620010050,13,2017-09-01
1764,54100027032,13,2017-09-01
2130,10000085427,13,2017-09-01
2130,10000089128,13,2017-09-01
2130,51480000076,13,2017-09-01
2130,54150023150,13,2017-09-01
2130,55410000076,13,2017-09-01
2130,57047091041,13,2017-09-01
2130,57084400050,13,2017-09-01
2130,57756765076,13,2017-09-01
215,52580010042,13,2017-09-02
215,58000075224,13,2017-09-02
755,10000085425,13,2017-09-02
755,10000089137,13,2017-09-02
755,52100040050,13,2017-09-02
755,52580010042,13,2017-09-02
755,53010030033,13,2017-09-02
755,54154888076,13,2017-09-02
825,10000085426,13,2017-09-02
825,51330021113,13,2017-09-02
825,54178802078,13,2017-09-02
825,54650050060,13,2017-09-02
825,57265526076,13,2017-09-02
825,57680810050,13,2017-09-02
867,10000085425,13,2017-09-02
1318,55150026032,13,2017-09-02
1795,52840011033,13,2017-09-02
1795,54300020076,13,2017-09-02
1795,57218022076,13,2017-09-02
2375,10000085426,13,2017-09-02
2375,10000089106,13,2017-09-02
2375,10000089134,13,2017-09-02
2375,52740022050,13,2017-09-02
2375,52840050076,13,2017-09-02
2375,53010030033,13,2017-09-02
2375,54154889076,13,2017-09-02
2375,55410000076,13,2017-09-02
2489,51981012076,13,2017-09-02
40,10000085429,13,2017-09-03
67,52016910055,13,2017-09-03
503,10000085425,13,2017-09-03
503,51600070033,13,2017-09-03
503,52898920076,13,2017-09-03
889,10000085428,13,2017-09-03
889,10000089084,13,2017-09-03
318,10000085429,13,2017-09-04
318,51111113178,13,2017-09-04
318,51780061082,13,2017-09-04
412,10000089128,13,2017-09-04
412,51952131178,13,2017-09-04
412,54154888076,13,2017-09-04
412,58000075224,13,2017-09-04
1485,10000085425,13,2017-09-04
1485,51254711082,13,2017-09-04
1485,57631000076,13,2017-09-04
1823,54650050060,13,2017-09-04
2004,51254711082,13,2017-09-04
2007,53620010050,13,2017-09-04
2007,54180060033,13,2017-09-04
2085,10000085425,13,2017-09-04
2085,10000085427,13,2017-09-04
2200,55410000076,13,2017-09-04
239,51111113178,13,2017-09-05
1726,54200000076,13,2017-09-05
1726,57050100078,13,2017-09-05
2380,57047091041,13,2017-09-05
40,10000089101,13,2017-09-06
40,50800490076,13,2017-09-06
40,51254711082,13,2017-09-06
256,51111113178,13,2017-09-06
256,51980010075,13,2017-09-06
256,51981012076,13,2017-09-06
256,52840042034,13,2017-09-06
256,54100027032,13,2017-09-06
256,54100027032,14,2017-09-06
282,53620064076,13,2017-09-06
282,57265526076,13,2017-09-06
636,54100027032,13,2017-09-06
636,54100027032,14,2017-09-06
636,54589399250,14,2017-09-06
725,10000085427,13,2017-09-06
725,10000089124,13,2017-09-06
725,53620010050,13,2017-09-06
725,55410000076,13,2017-09-06
725,56414410013,13,2017-09-06
1261,10000089110,13,2017-09-06
1732,10000085427,13,2017-09-06
1458,10000085429,13,2017-09-07
2124,53800050033,13,2017-09-07
139,10000089093,13,2017-09-08
139,52840042034,13,2017-09-08
139,54100024950,13,2017-09-08
367,10000089134,13,2017-09-08
367,54154888076,13,2017-09-08
605,55150026055,13,2017-09-08
1529,52580010042,13,2017-09-08
1529,54100027032,13,2017-09-08
1529,54100027032,14,2017-09-08
1529,57680810050,13,2017-09-08
1935,10000085425,13,2017-09-08
294,10000085425,13,2017-09-09
294,51600050042,13,2017-09-09
294,56414410013,13,2017-09-09
426,54610000075,13,2017-09-09
1937,50813790076,13,2017-09-09
1937,52898920076,13,2017-09-09
2100,10000085425,13,2017-09-09
2100,10000089076,13,2017-09-09
2100,10000089106,13,2017-09-09
2100,51980010075,13,2017-09-09
2100,52840011033,13,2017-09-09
2100,55410000076,13,2017-09-09
825,10000089078,13,2017-09-10
1318,57047091041,13,2017-09-10
2057,10000085426,13,2017-09-10
2467,54178802078,13,2017-09-10
389,10000085432,13,2017-09-11
389,51600070033,13,2017-09-11
389,51960010076,13,2017-09-11
389,51960060050,13,2017-09-11
389,54300020076,13,2017-09-11
426,51116221076,13,2017-09-11
389,10000089093,13,2017-09-12
712,53700040075,13,2017-09-12
712,54100024950,13,2017-09-12
1228,10000085429,13,2017-09-12
1228,55000013050,13,2017-09-12
1256,10000085429,13,2017-09-12
1710,10000089131,13,2017-09-12
14,10000089128,13,2017-09-13
14,51480000076,13,2017-09-13
14,52740022050,13,2017-09-13
378,57680810050,13,2017-09-13
888,52150000050,14,2017-09-13
888,53620010028,14,2017-09-13
888,54100027032,13,2017-09-13
888,54100027032,14,2017-09-13
888,54610000075,13,2017-09-13
936,54200000076,13,2017-09-13
2134,55000035282,13,2017-09-13
40,57455024475,13,2017-09-14
367,10000085428,13,2017-09-14
696,10000089125,13,2017-09-14
696,53663250076,13,2017-09-14
696,53700040075,13,2017-09-14
696,54300020076,13,2017-09-14
2124,10000085428,13,2017-09-14
88,53620010028,14,2017-09-15
361,52840011033,13,2017-09-15
361,54200000076,13,2017-09-15
979,55150026055,13,2017-09-15
1795,51600070033,13,2017-09-15
2451,51600070033,13,2017-09-15
13,10000085427,13,2017-09-16
13,52740022050,13,2017-09-16
99,10000089077,13,2017-09-16
2324,54178802078,13,2017-09-16
2324,57680810050,13,2017-09-16
883,10000085432,13,2017-09-17
911,10000085429,13,2017-09-17
1791,10000085426,13,2017-09-17
1823,52100040050,13,2017-09-17
1823,52740022050,13,2017-09-17
1823,53800050033,13,2017-09-17
1985,10000089092,13,2017-09-17
1985,51600070033,13,2017-09-17
1985,54900065036,13,2017-09-17
2366,51254600014,13,2017-09-17
334,10000085426,13,2017-09-18
334,51254711082,13,2017-09-18
334,57047091041,13,2017-09-18
378,52840011033,13,2017-09-18
577,54300020076,13,2017-09-18
712,51600070033,13,2017-09-18
1990,10000085428,13,2017-09-18
1990,10000089106,13,2017-09-18
1990,10000089124,13,2017-09-18
1990,54154888076,13,2017-09-18
2488,53010030033,13,2017-09-18
2488,55703711082,13,2017-09-18
2488,57631000076,13,2017-09-18
864,51981012076,13,2017-09-19
2420,10000085429,13,2017-09-19
1098,55410000076,13,2017-09-20
1081,10000085428,13,2017-09-21
1081,54460011776,13,2017-09-21
1146,57631000076,13,2017-09-21
294,57320210076,13,2017-09-22
588,54650050060,13,2017-09-22
982,50800490076,13,2017-09-22
982,54800110055,14,2017-09-22
1421,10000089091,13,2017-09-22
1423,54100011675,13,2017-09-22
1590,10000085426,13,2017-09-22
1590,10000085429,13,2017-09-22
2351,55340000082,13,2017-09-22
40,55942700087,13,2017-09-23
805,10000085429,13,2017-09-23
867,51111113178,13,2017-09-23
867,51960010076,13,2017-09-23
867,52580010042,13,2017-09-23
867,57050100078,13,2017-09-23
1937,51960060050,13,2017-09-23
2200,52740022050,13,2017-09-23
574,10000089106,13,2017-09-24
574,53620064076,13,2017-09-24
1229,10000085429,13,2017-09-24
1990,10000085432,13,2017-09-24
1990,54154888076,13,2017-09-24
1990,56414410013,13,2017-09-24
2199,52100040050,13,2017-09-24
560,51111124078,14,2017-09-27
1820,55000035576,15,2017-09-28
472,54589399276,14,2017-09-30
1142,51111120076,14,2017-10-01
2489,54589399250,14,2017-10-01
2489,54800140060,14,2017-10-01
600,54589399276,14,2017-10-02
641,54589399276,14,2017-10-02
1850,10000085482,16,2017-10-04
113,53500000076,16,2017-10-05
1491,10000085436,16,2017-10-06
1505,53500000076,16,2017-10-06
1989,53500000076,16,2017-10-06
1687,53500000076,16,2017-10-08
1687,53600030082,16,2017-10-08
1687,55310000076,16,2017-10-08
2488,54800110055,14,2017-10-08
115,10000085482,16,2017-10-10
771,52270011076,16,2017-10-10
771,53600030082,16,2017-10-10
771,57418211676,16,2017-10-10
1488,10000085482,16,2017-10-10
1989,52270011076,16,2017-10-10
2400,10000085436,16,2017-10-10
2400,10000085482,16,2017-10-10
2400,52270011076,16,2017-10-10
2400,53500000076,16,2017-10-10
2400,53600030082,16,2017-10-10
2400,53700048076,16,2017-10-10
2400,55310000076,16,2017-10-10
2400,57124921076,16,2017-10-10
2400,57418211676,16,2017-10-10
766,53500000076,16,2017-10-11
2171,53700048076,16,2017-10-12
889,53700048076,16,2017-10-15
1393,50099700082,16,2017-10-15
1393,52270011076,16,2017-10-15
1393,53600030082,16,2017-10-15
1393,53700048076,16,2017-10-15
117,54589353178,14,2017-10-18
1017,55000035213,15,2017-10-18
88,10000089194,17,2017-10-19
1618,50099700082,16,2017-10-21
1618,52270011076,16,2017-10-21
2488,57124921076,16,2017-10-21
256,50099700082,16,2017-10-22
1333,10000089194,17,2017-10-24
1333,10000089195,17,2017-10-24
1333,51785400013,17,2017-10-24
1333,53800030050,17,2017-10-24
1333,54280011660,17,2017-10-24
1333,57045970076,17,2017-10-24
389,53620064076,17,2017-10-25
389,54440020076,17,2017-10-25
1529,53500000076,16,2017-10-26
1529,55310000076,16,2017-10-26
1529,57124921076,16,2017-10-26
600,53620010028,14,2017-10-27
1453,54280011660,17,2017-10-27
560,53620010028,14,2017-10-28
560,54800140060,14,2017-10-28
745,53450058040,17,2017-10-28
1453,55100055075,17,2017-10-28
2004,53800030050,17,2017-10-28
104,53450058040,17,2017-10-29
1146,53800030050,17,2017-10-29
1166,53450058040,17,2017-10-29
1166,53620064076,17,2017-10-30
1453,10000085475,18,2017-10-31
1453,51258700050,18,2017-10-31
1453,54900050076,18,2017-10-31
1618,10000085436,16,2017-10-31
1618,53500000076,16,2017-10-31
464,54800140060,14,2017-11-01
2282,10000085475,18,2017-11-01
196,10000085479,18,2017-11-02
196,54300026050,18,2017-11-02
196,55100055075,17,2017-11-02
196,55410000076,18,2017-11-02
196,57790030032,17,2017-11-02
979,53700048076,16,2017-11-02
2100,10000085475,18,2017-11-02
2100,51800015050,18,2017-11-02
2100,51960010076,18,2017-11-02
2100,52500010050,18,2017-11-02
2100,53010010033,18,2017-11-02
2100,53500035050,18,2017-11-02
2100,53800050033,18,2017-11-02
2100,54300026050,18,2017-11-02
2100,55410000076,18,2017-11-02
2123,10000089251,18,2017-11-02
2123,10000089259,18,2017-11-02
2123,51960010076,18,2017-11-02
2123,57631000076,18,2017-11-02
58,10000085475,18,2017-11-03
58,10000089195,17,2017-11-03
58,51800015050,18,2017-11-03
58,53800030050,17,2017-11-03
58,54133500050,18,2017-11-03
58,54154888076,18,2017-11-03
58,57045970076,17,2017-11-03
105,10000085479,18,2017-11-03
105,51960010076,18,2017-11-03
105,52000030042,18,2017-11-03
105,52100023024,18,2017-11-03
105,52500010050,18,2017-11-03
105,52840001082,18,2017-11-03
105,54060060076,18,2017-11-03
105,55410000076,18,2017-11-03
156,53620064076,17,2017-11-03
588,10000085478,18,2017-11-03
588,53620010028,14,2017-11-03
588,53700013182,18,2017-11-03
588,54100027032,14,2017-11-03
588,54589399250,14,2017-11-03
588,57143020076,18,2017-11-03
1347,10000089251,18,2017-11-03
1347,58304613450,18,2017-11-03
1591,52200090076,18,2017-11-03
2200,10000085475,18,2017-11-03
2200,51800015050,18,2017-11-03
2200,51960010076,18,2017-11-03
2200,54154888076,18,2017-11-03
2200,55410000076,18,2017-11-03
2200,57680000050,18,2017-11-03
2375,10000089237,18,2017-11-03
2451,10000085475,18,2017-11-03
22,10000085475,18,2017-11-04
22,10000085484,18,2017-11-04
22,10000089284,18,2017-11-04
22,51600070033,18,2017-11-04
22,51800010250,18,2017-11-04
88,53800030050,17,2017-11-04
88,57045970076,17,2017-11-04
256,10000085478,18,2017-11-04
256,50052110076,14,2017-11-04
256,51800015050,18,2017-11-04
256,52200090076,18,2017-11-04
256,53500000076,16,2017-11-04
256,53700048076,16,2017-11-04
256,54589314175,14,2017-11-04
256,54900050076,18,2017-11-04
256,57418211676,16,2017-11-04
692,54060060076,18,2017-11-04
825,10000085479,18,2017-11-04
825,51800015050,18,2017-11-04
825,52100023024,18,2017-11-04
825,57144800076,18,2017-11-04
909,10000085475,18,2017-11-04
929,54440020076,17,2017-11-04
1015,10000085476,18,2017-11-04
2004,10000085479,18,2017-11-04
2004,54850010033,18,2017-11-04
2004,54900050076,18,2017-11-04
2168,10000085475,18,2017-11-04
2168,10000085479,18,2017-11-04
2168,10000089248,18,2017-11-04
2168,52100023024,18,2017-11-04
2496,10000085479,18,2017-11-04
2496,10000089283,18,2017-11-04
2496,52100023024,18,2017-11-04
2496,53010010033,18,2017-11-04
2496,54133500050,18,2017-11-04
2496,54900050076,18,2017-11-04
378,52100023024,18,2017-11-05
438,10000085475,18,2017-11-05
469,10000085475,18,2017-11-05
469,52500010050,18,2017-11-05
469,54900050076,18,2017-11-05
469,57631000076,18,2017-11-05
574,10000089285,18,2017-11-05
911,10000085475,18,2017-11-05
1417,10000085479,18,2017-11-05
1417,53980010082,18,2017-11-05
1417,55400061078,18,2017-11-05
1475,10000085479,18,2017-11-05
1475,10000089252,18,2017-11-05
1475,51800015050,18,2017-11-05
1475,51809461078,18,2017-11-05
1475,52100023024,18,2017-11-05
1483,10000085477,18,2017-11-05
1630,53700067076,18,2017-11-05
1823,53120026033,18,2017-11-05
1823,55000013950,18,2017-11-05
1899,10000085477,18,2017-11-05
1899,51800015050,18,2017-11-05
1899,52100023024,18,2017-11-05
1899,57143020076,18,2017-11-05
1937,10000085475,18,2017-11-05
1957,10000089300,18,2017-11-05
1957,53010010033,18,2017-11-05
1957,53800050033,18,2017-11-05
1957,55410000076,18,2017-11-05
1965,10000085477,18,2017-11-05
2094,10000085479,18,2017-11-05
2094,54900050076,18,2017-11-05
2094,57143020076,18,2017-11-05
2231,10000085478,18,2017-11-05
2231,53700026850,18,2017-11-05
2280,10000085478,18,2017-11-05
2280,54900050076,18,2017-11-05
2284,10000085475,18,2017-11-05
2342,57631000076,18,2017-11-05
2378,54200029176,18,2017-11-05
2378,55410000076,18,2017-11-05
2407,10000089290,18,2017-11-05
2407,51600030101,18,2017-11-05
2407,53210060033,18,2017-11-05
2407,54060060076,18,2017-11-05
2448,57631000076,18,2017-11-05
2451,54300026050,18,2017-11-05
305,57332150033,18,2017-11-06
523,10000085477,18,2017-11-06
895,10000085475,18,2017-11-06
1591,10000085476,18,2017-11-06
1591,53760073676,18,2017-11-06
1591,54300026050,18,2017-11-06
2364,10000085479,18,2017-11-06
127,10000089257,18,2017-11-07
127,51111120001,18,2017-11-07
127,51111120076,14,2017-11-07
127,51600070033,18,2017-11-07
1451,54850010033,18,2017-11-07
1453,53800050033,18,2017-11-07
1453,54300026050,18,2017-11-07
1453,54900050076,18,2017-11-07
1483,51960010076,18,2017-11-07
1989,54060060076,18,2017-11-07
2124,52200090076,18,2017-11-07
353,10000085475,18,2017-11-08
367,10000085477,18,2017-11-08
367,53800030050,17,2017-11-08
367,57680000050,18,2017-11-08
367,57756765034,17,2017-11-08
389,10000085476,18,2017-11-08
1421,10000085479,18,2017-11-08
1421,10000089237,18,2017-11-08
1421,10000089290,18,2017-11-08
1534,10000085477,18,2017-11-08
1534,51780034082,18,2017-11-08
1534,52000030042,18,2017-11-08
1764,51111131075,14,2017-11-08
1764,53620010028,14,2017-11-08
1764,54100024032,14,2017-11-08
1764,54100027032,14,2017-11-08
1764,54800110055,14,2017-11-08
1764,54800140060,14,2017-11-08
1854,10000085475,18,2017-11-08
1854,53120026033,18,2017-11-08
2199,10000085475,18,2017-11-08
2199,51200092776,18,2017-11-08
2380,10000089246,18,2017-11-08
2380,10000089290,18,2017-11-08
2380,53120026033,18,2017-11-08
1,10000085476,18,2017-11-09
1,54200029176,18,2017-11-09
117,54300026050,18,2017-11-09
164,10000085477,18,2017-11-09
164,10000089248,18,2017-11-09
164,51600030101,18,2017-11-09
164,51960010076,18,2017-11-09
164,57680000050,18,2017-11-09
208,51800015050,18,2017-11-09
208,51920021576,18,2017-11-09
251,10000085479,18,2017-11-09
251,57332150033,18,2017-11-09
715,57631000076,18,2017-11-09
1566,10000085477,18,2017-11-09
1566,55000013933,18,2017-11-09
1566,57231020034,18,2017-11-09
1856,54154888076,18,2017-11-09
139,10000085475,18,2017-11-10
139,51906341075,18,2017-11-10
139,52500010050,18,2017-11-10
740,10000085475,18,2017-11-10
740,10000089284,18,2017-11-10
1428,55400061078,18,2017-11-10
1505,10000085476,18,2017-11-10
1505,54300026050,18,2017-11-10
1726,54154888076,18,2017-11-10
1726,57231020034,18,2017-11-10
1989,57332150033,18,2017-11-10
2112,10000085475,18,2017-11-10
2112,53120026033,18,2017-11-10
2351,10000085475,18,2017-11-10
2351,53120026033,18,2017-11-10
2451,54200029176,18,2017-11-10
18,10000085475,18,2017-11-11
979,10000085479,18,2017-11-11
979,51800015050,18,2017-11-11
979,54200029176,18,2017-11-11
982,10000085479,18,2017-11-11
982,51800015050,18,2017-11-11
982,54900050076,18,2017-11-11
982,57045970076,17,2017-11-11
1197,10000085475,18,2017-11-11
1197,51600070033,18,2017-11-11
1394,54154888076,18,2017-11-11
1541,55000013950,18,2017-11-11
1935,10000085479,18,2017-11-11
1935,51780071276,18,2017-11-11
2004,51800015050,18,2017-11-11
2305,10000085475,18,2017-11-11
2305,51570011042,18,2017-11-11
2364,10000089272,18,2017-11-11
104,53800030050,17,2017-11-12
104,54280011660,17,2017-11-12
464,54800111033,18,2017-11-12
546,10000085477,18,2017-11-12
546,10000089240,18,2017-11-12
630,10000085479,18,2017-11-12
630,10000089252,18,2017-11-12
692,10000085475,18,2017-11-12
718,55703711082,18,2017-11-12
889,10000085475,18,2017-11-12
889,52000030042,18,2017-11-12
889,52500010050,18,2017-11-12
1412,10000085479,18,2017-11-12
1412,51906341075,18,2017-11-12
1419,10000085479,18,2017-11-12
1419,10000089251,18,2017-11-12
1475,51258700050,18,2017-11-12
1653,10000085475,18,2017-11-12
1675,57143020076,18,2017-11-12
1831,10000085479,18,2017-11-12
1831,51600070033,18,2017-11-12
1831,55000013950,18,2017-11-12
2314,54300026050,18,2017-11-12
2400,10000085478,18,2017-11-12
2400,10000089248,18,2017-11-12
2400,10000089251,18,2017-11-12
2400,10000089278,18,2017-11-12
2400,51600030101,18,2017-11-12
2400,52000030042,18,2017-11-12
2400,52840001082,18,2017-11-12
2400,53210060033,18,2017-11-12
2400,54154888076,18,2017-11-12
2400,54300026050,18,2017-11-12
2400,55410000076,18,2017-11-12
77,55000013950,18,2017-11-13
208,55410000076,18,2017-11-13
1039,50004518076,18,2017-11-13
1039,54900050076,18,2017-11-13
1166,51785400013,17,2017-11-13
1376,10000085475,18,2017-11-13
1376,52100023024,18,2017-11-13
1376,54300026050,18,2017-11-13
1376,55000013950,18,2017-11-13
1376,57631000076,18,2017-11-13
1462,57790113076,18,2017-11-13
1488,10000085477,18,2017-11-13
1488,50308412050,18,2017-11-13
2130,10000085475,18,2017-11-13
2130,10000089253,18,2017-11-13
2130,51111114101,18,2017-11-13
2130,54060060076,18,2017-11-13
2280,53700061674,18,2017-11-13
2280,53770000076,18,2017-11-13
79,55000013950,18,2017-11-14
931,10000085477,18,2017-11-14
931,10000085479,18,2017-11-14
931,10000089194,17,2017-11-14
931,10000089195,17,2017-11-14
931,10000089246,18,2017-11-14
931,10000089253,18,2017-11-14
931,10000089266,18,2017-11-14
931,10000089288,18,2017-11-14
931,51111114101,18,2017-11-14
931,51200000076,18,2017-11-14
931,51600070033,18,2017-11-14
931,51800050033,17,2017-11-14
931,52100023024,18,2017-11-14
931,53800030050,17,2017-11-14
931,54280011660,17,2017-11-14
931,54440020076,17,2017-11-14
931,55400061078,18,2017-11-14
931,57045970076,17,2017-11-14
931,57790030032,17,2017-11-14
1451,10000085477,18,2017-11-14
1451,51800015050,18,2017-11-14
2441,54300026050,18,2017-11-14
2462,10000085475,18,2017-11-14
2462,51600070033,18,2017-11-14
2475,51600070033,18,2017-11-14
239,10000089266,18,2017-11-15
239,53700026850,18,2017-11-15
283,51800050033,17,2017-11-15
283,53620064076,17,2017-11-15
283,54280011660,17,2017-11-15
1146,10000085477,18,2017-11-15
1146,10000089237,18,2017-11-15
1146,51960010076,18,2017-11-15
1146,57631000076,18,2017-11-15
1591,10000089265,18,2017-11-15
1591,51600070033,18,2017-11-15
1591,52500010050,18,2017-11-15
1591,57143020076,18,2017-11-15
2158,10000085475,18,2017-11-15
2158,10000089288,18,2017-11-15
2158,51800015050,18,2017-11-15
2158,57332150033,18,2017-11-15
367,51800015050,18,2017-11-16
367,52113100033,18,2017-11-16
367,53450058040,17,2017-11-16
979,51960010076,18,2017-11-16
1228,54900050076,18,2017-11-16
1534,51600070033,18,2017-11-16
2237,10000085475,18,2017-11-16
2237,10000089276,18,2017-11-16
2237,10000089290,18,2017-11-16
2237,51600070033,18,2017-11-16
2237,52100023024,18,2017-11-16
2240,10000085479,18,2017-11-16
2240,53210060033,18,2017-11-16
2380,10000085476,18,2017-11-16
351,53700048182,19,2017-11-17
473,10000089244,18,2017-11-17
473,10000089272,18,2017-11-17
473,52840001082,18,2017-11-17
1337,10000085478,18,2017-11-17
1337,54900050076,18,2017-11-17
1357,10000085476,18,2017-11-17
1421,51600030101,18,2017-11-17
1778,10000085479,18,2017-11-17
1778,53120026033,18,2017-11-17
1778,57143020076,18,2017-11-17
1928,51906341075,18,2017-11-17
1947,52800051098,18,2017-11-17
1947,54300026050,18,2017-11-17
1947,54420930024,18,2017-11-17
2351,55400061078,18,2017-11-17
2351,57143020076,18,2017-11-17
2421,10000085475,18,2017-11-17
2481,10000085476,18,2017-11-17
2481,52000030042,18,2017-11-17
208,10000085475,18,2017-11-18
256,10000085484,18,2017-11-18
256,52100023024,18,2017-11-18
256,54280011660,17,2017-11-18
256,57143020076,18,2017-11-18
307,53160401082,18,2017-11-18
413,53700013182,18,2017-11-18
458,10000089266,18,2017-11-18
458,52100023024,18,2017-11-18
518,10000085478,18,2017-11-18
518,52113100033,18,2017-11-18
605,10000085478,18,2017-11-18
605,56687861776,18,2017-11-18
631,10000085475,18,2017-11-18
647,55000013950,18,2017-11-18
768,10000085477,18,2017-11-18
768,10000089306,18,2017-11-18
768,55410000076,18,2017-11-18
979,53210060033,18,2017-11-18
979,54105800093,18,2017-11-18
979,57143020076,18,2017-11-18
1130,53700013182,18,2017-11-18
1618,10000085475,18,2017-11-18
1618,55000013950,18,2017-11-18
1648,52570016075,18,2017-11-18
1648,55000013950,18,2017-11-18
1651,10000085475,18,2017-11-18
1762,10000085475,18,2017-11-18
1831,54300026050,18,2017-11-18
1937,10000085476,18,2017-11-18
2455,10000085478,18,2017-11-18
2462,51258700050,18,2017-11-18
22,54300026050,18,2017-11-19
22,54850010033,18,2017-11-19
40,57410101082,18,2017-11-19
40,57410101082,19,2017-11-19
490,10000085477,18,2017-11-19
490,51800015050,18,2017-11-19
574,51500050033,19,2017-11-19
574,55220010013,19,2017-11-19
1633,10000085477,18,2017-11-19
1850,10000085475,18,2017-11-19
2342,10000085479,18,2017-11-19
67,10000085475,18,2017-11-20
67,10000089290,18,2017-11-20
67,51800015050,18,2017-11-20
67,51906341075,18,2017-11-20
67,53010010033,18,2017-11-20
101,10000085476,18,2017-11-20
115,50008710076,19,2017-11-20
115,51500050033,19,2017-11-20
305,10000085477,18,2017-11-20
864,10000085475,18,2017-11-20
864,10000085478,18,2017-11-20
864,10000089263,18,2017-11-20
864,10000089270,18,2017-11-20
908,53120026033,18,2017-11-20
908,54154888076,18,2017-11-20
1602,10000085475,18,2017-11-20
1602,52113100033,18,2017-11-20
1602,54200029176,18,2017-11-20
1602,57143020076,18,2017-11-20
1797,51800010250,18,2017-11-20
1797,54060060076,18,2017-11-20
1797,55100043133,18,2017-11-20
1823,10000085478,18,2017-11-20
1823,52800051098,18,2017-11-20
2088,10000085475,18,2017-11-20
2088,10000085478,18,2017-11-20
2124,51500050033,19,2017-11-20
2124,52100023024,18,2017-11-20
2124,57007461076,19,2017-11-20
2441,54060060076,18,2017-11-20
13,10000089277,18,2017-11-21
13,51800015050,18,2017-11-21
13,53500035050,18,2017-11-21
13,54105800093,18,2017-11-21
361,10000085478,18,2017-11-21
361,51200000076,18,2017-11-21
389,52000030042,18,2017-11-21
389,52113100033,18,2017-11-21
389,54060060076,18,2017-11-21
389,54300026050,18,2017-11-21
413,10000085476,18,2017-11-21
805,53700048182,19,2017-11-21
1529,10000085478,18,2017-11-21
1529,54300026050,18,2017-11-21
1717,10000085476,18,2017-11-21
1717,10000089263,18,2017-11-21
1935,51258700050,18,2017-11-21
1935,54850010033,18,2017-11-21
2240,53600010087,19,2017-11-21
67,57631000076,18,2017-11-22
378,10000085478,18,2017-11-22
378,57124960082,18,2017-11-22
545,50581447025,18,2017-11-22
545,53010010033,18,2017-11-22
805,10000089271,18,2017-11-22
807,10000085477,18,2017-11-22
807,10000089290,18,2017-11-22
1064,10000085478,18,2017-11-22
1064,54420930024,18,2017-11-22
1064,55000013933,18,2017-11-22
1303,10000085478,18,2017-11-22
1419,53010010033,18,2017-11-22
2234,10000089290,18,2017-11-22
2378,10000085475,18,2017-11-22
2421,10000089290,18,2017-11-22
2421,51800015050,18,2017-11-22
2496,55100000013,18,2017-11-22
192,54900050076,18,2017-11-23
80,53600010087,19,2017-11-24
1419,52840001082,18,2017-11-24
2084,55000013950,18,2017-11-24
983,54420930024,18,2017-11-25
983,57218040076,18,2017-11-25
104,10000085477,18,2017-11-26
484,55480017133,18,2017-11-26
484,57143020076,18,2017-11-26
864,10000089239,18,2017-11-26
889,51600070033,18,2017-11-26
889,55400061078,18,2017-11-26
1412,52260010055,18,2017-11-26
1687,57143020076,18,2017-11-26
1839,51500050013,19,2017-11-26
1869,10000085478,18,2017-11-26
1957,10000085477,18,2017-11-26
1990,10000085475,18,2017-11-26
1397,55000013950,18,2017-11-27
1609,10000085475,18,2017-11-27
1609,51600070033,18,2017-11-27
1609,51800015050,18,2017-11-27
1989,51780034082,18,2017-11-27
1989,57143020076,18,2017-11-27
2374,10000085479,18,2017-11-27
2374,10000089239,18,2017-11-27
2374,52100023024,18,2017-11-27
2374,52500010050,18,2017-11-27
2374,54060060076,18,2017-11-27
67,55000013950,18,2017-11-28
460,54060060076,18,2017-11-28
1074,57631000076,18,2017-11-28
1651,10000089304,18,2017-11-28
1651,50308412050,18,2017-11-28
1651,53700061674,18,2017-11-28
1651,57050100082,18,2017-11-28
1797,10000089290,18,2017-11-28
1797,52113100033,18,2017-11-28
2370,10000085479,18,2017-11-28
2370,10000089290,18,2017-11-28
2370,55410000076,18,2017-11-28
426,10000085475,18,2017-11-29
426,10000089250,18,2017-11-29
426,52000030042,18,2017-11-29
687,10000085479,18,2017-11-29
687,10000089290,18,2017-11-29
687,54850010033,18,2017-11-29
709,54589399255,20,2017-11-29
1166,10000085478,18,2017-11-29
2082,10000085479,18,2017-11-29
588,51800015050,18,2017-11-30
588,53700048182,19,2017-11-30
1722,10000085475,18,2017-11-30
1856,55000013950,18,2017-11-30
636,57332150033,18,2017-12-01
805,10000085479,18,2017-12-01
1451,52800051098,18,2017-12-01
2130,51298810078,18,2017-12-01
2130,53010010033,18,2017-12-01
2130,57144800076,18,2017-12-01
2448,10000085477,18,2017-12-01
438,54200029176,18,2017-12-02
464,54800110055,20,2017-12-02
492,10000085475,18,2017-12-02
492,54200029176,18,2017-12-02
1376,54589399277,20,2017-12-02
1762,10000089305,18,2017-12-02
2147,10000085475,18,2017-12-02
2147,10000089302,18,2017-12-02
2147,54850010033,18,2017-12-02
2231,51862700076,18,2017-12-02
2231,53600010087,19,2017-12-02
2427,51600070033,18,2017-12-02
139,51570011042,18,2017-12-03
139,57294010033,18,2017-12-03
825,53120026033,18,2017-12-03
825,57143020076,18,2017-12-03
1146,51906341075,18,2017-12-03
1146,52000030042,18,2017-12-03
1197,52200090076,18,2017-12-03
1197,55410000076,18,2017-12-03
1197,57143020076,18,2017-12-03
1197,57680000050,18,2017-12-03
1419,53620010028,20,2017-12-03
1419,54589399255,20,2017-12-03
1419,54800110055,20,2017-12-03
1419,57940033055,20,2017-12-03
1591,50930030075,18,2017-12-03
1591,51600070033,18,2017-12-03
1591,54800111033,18,2017-12-03
1618,54200029176,18,2017-12-03
1823,51600070033,18,2017-12-03
1823,51800010250,18,2017-12-03
1823,53010010033,18,2017-12-03
1823,54154888076,18,2017-12-03
1995,54850010033,18,2017-12-03
2400,53600010087,19,2017-12-03
2400,53700048182,19,2017-12-03
2400,57007451076,19,2017-12-03
2488,10000085475,18,2017-12-03
2488,51800015050,18,2017-12-03
2488,54900050076,18,2017-12-03
956,51906341075,18,2017-12-04
1229,10000085475,18,2017-12-04
1256,10000085479,18,2017-12-04
1256,51600070033,18,2017-12-04
1609,54850010033,18,2017-12-05
1651,54154888076,18,2017-12-05
1839,53700048182,19,2017-12-05
2162,51600070033,18,2017-12-05
2234,10000085475,18,2017-12-05
2234,57050100082,18,2017-12-05
2380,52100054076,18,2017-12-05
2380,57680000050,18,2017-12-05
101,52000030042,18,2017-12-06
1228,54154888076,18,2017-12-06
1228,54900050076,18,2017-12-06
1494,10000085479,18,2017-12-06
1494,51960010076,18,2017-12-06
1529,54100027032,20,2017-12-06
1529,54589399255,20,2017-12-06
2488,52200090076,18,2017-12-06
2500,55000013950,18,2017-12-06
115,50008710076,19,2017-12-07
389,54900050076,18,2017-12-07
437,51500050033,19,2017-12-07
1726,51780071276,18,2017-12-07
1995,10000085477,18,2017-12-07
2019,10000085479,18,2017-12-07
2124,10000085475,18,2017-12-07
2124,51500050013,19,2017-12-07
2124,51600070033,18,2017-12-07
2124,53400061150,18,2017-12-07
2124,53700048182,19,2017-12-07
2124,55220010013,19,2017-12-07
345,51600070033,18,2017-12-08
1166,53700067076,18,2017-12-08
1778,10000085475,18,2017-12-08
1778,10000085476,18,2017-12-08
1778,54133500050,18,2017-12-08
1778,55100000013,18,2017-12-08
2347,55703711082,18,2017-12-08
2351,52113100033,18,2017-12-08
463,10000085475,18,2017-12-09
929,10000085477,18,2017-12-09
1098,10000085475,18,2017-12-09
1511,54900050076,18,2017-12-09
2324,10000085479,18,2017-12-09
22,52100000031,22,2017-12-10
22,54450000076,22,2017-12-10
40,52000030042,18,2017-12-10
574,51500050013,19,2017-12-10
877,50004510076,18,2017-12-10
877,54200029176,18,2017-12-10
1318,52200090076,18,2017-12-10
1318,57231020034,18,2017-12-10
1957,53700051551,18,2017-12-10
2407,10000089248,18,2017-12-10
712,10000085475,18,2017-12-11
712,54060060076,18,2017-12-11
712,54300026050,18,2017-12-11
712,54900050076,18,2017-12-11
2240,53600010087,19,2017-12-11
687,51800015050,18,2017-12-12
687,51960010076,18,2017-12-12
1566,54589399275,20,2017-12-12
1921,10000085479,18,2017-12-12
1921,10000089290,18,2017-12-12
2380,51500050033,19,2017-12-12
793,10000085477,18,2017-12-13
793,10000085479,18,2017-12-13
1581,10000089290,18,2017-12-13
2158,51298810078,18,2017-12-13
2158,54154888076,18,2017-12-13
67,51800000050,22,2017-12-14
67,57045970076,22,2017-12-14
367,10000089251,18,2017-12-14
367,51116200076,18,2017-12-14
367,51600070033,18,2017-12-14
979,51800000050,22,2017-12-14
1113,52100000031,22,2017-12-14
99,10000085475,18,2017-12-15
99,54060060076,18,2017-12-15
485,51800000050,22,2017-12-15
485,52100000031,22,2017-12-15
588,52100023024,18,2017-12-15
805,53600010087,19,2017-12-15
1633,52100023024,18,2017-12-15
1823,51600070033,18,2017-12-15
2200,51800000050,22,2017-12-15
2200,52100000031,22,2017-12-15
2200,52800031032,22,2017-12-15
2200,57045970076,22,2017-12-15
2494,51111120001,18,2017-12-15
2494,54105800093,18,2017-12-15
18,55000013950,18,2017-12-16
164,53800050033,18,2017-12-16
464,52100000031,22,2017-12-16
574,53700048182,19,2017-12-16
936,54850010033,18,2017-12-16
1451,53700067076,18,2017-12-16
1751,51500050033,19,2017-12-16
1935,53160401082,18,2017-12-16
1989,10000085475,18,2017-12-16
2467,51800010250,18,2017-12-16
426,51116200076,18,2017-12-17
426,51800015050,18,2017-12-17
755,10000085475,18,2017-12-17
755,51111120001,18,2017-12-17
755,51862700076,18,2017-12-17
755,52800051098,18,2017-12-17
755,54060060076,18,2017-12-17
755,54200029176,18,2017-12-17
1318,53010010033,18,2017-12-17
2494,10000085477,18,2017-12-17
2494,52310000076,18,2017-12-17
2494,54133500050,18,2017-12-17
13,52800031032,22,2017-12-18
101,54900050076,18,2017-12-18
1726,50581447025,18,2017-12-18
1726,51600070033,18,2017-12-18
1726,54900050076,18,2017-12-18
1989,53160401082,18,2017-12-18
2007,10000085478,18,2017-12-18
2007,51011913593,18,2017-12-18
2007,51111122076,20,2017-12-18
2007,51570011042,18,2017-12-18
2007,51600070033,18,2017-12-18
2007,51920021576,18,2017-12-18
2007,53010010033,18,2017-12-18
2007,53160401082,18,2017-12-18
2007,53620010028,20,2017-12-18
2007,53980010082,18,2017-12-18
2007,54100027032,20,2017-12-18
2007,54589371155,20,2017-12-18
2007,55100000013,18,2017-12-18
2007,57231020034,18,2017-12-18
2380,51600070033,18,2017-12-18
18,52500010050,18,2017-12-19
1166,51600030101,18,2017-12-19
1166,51600070033,18,2017-12-19
1166,52500010050,18,2017-12-19
1166,52800051098,18,2017-12-19
1197,57631000076,18,2017-12-19
2199,52500010050,18,2017-12-19
2199,54300026050,18,2017-12-19
2199,55480017133,18,2017-12-19
2398,10000085477,18,2017-12-19
40,54060060076,18,2017-12-20
40,54200029176,18,2017-12-20
256,51111120076,20,2017-12-20
256,51312010033,22,2017-12-20
256,51800000050,22,2017-12-20
256,54589399275,20,2017-12-20
256,57045970076,22,2017-12-20
545,10000085477,18,2017-12-20
1437,51312010033,22,2017-12-20
1437,51800015050,18,2017-12-20
1437,52100000031,22,2017-12-20
1437,53010010033,18,2017-12-20
1437,57045970076,22,2017-12-20
2148,10000089290,18,2017-12-20
67,54850010033,18,2017-12-21
67,54850010033,22,2017-12-21
67,57218040076,18,2017-12-21
397,56687861776,18,2017-12-21
761,51312010033,22,2017-12-21
761,51800000050,22,2017-12-21
761,52100000031,22,2017-12-21
761,52800031032,22,2017-12-21
761,54132220050,22,2017-12-21
761,54400021032,22,2017-12-21
761,54450000076,22,2017-12-21
982,51600070033,18,2017-12-21
982,51800000050,22,2017-12-21
982,51800015050,18,2017-12-21
982,54850010033,18,2017-12-21
982,54850010033,22,2017-12-21
1651,54154888076,18,2017-12-21
1854,10000089319,21,2017-12-21
1854,56261260075,21,2017-12-21
1854,57790113076,18,2017-12-21
2370,10000089269,18,2017-12-21
2370,52100023024,18,2017-12-21
2370,52500010050,18,2017-12-21
22,51312010033,22,2017-12-22
22,54850010033,18,2017-12-22
22,54850010033,22,2017-12-22
2374,50581447025,18,2017-12-22
936,51111120001,18,2017-12-23
1687,10000089251,18,2017-12-23
1823,54300026050,18,2017-12-23
1944,52570016075,18,2017-12-23
2305,51600070033,18,2017-12-23
2305,55410000076,18,2017-12-23
2462,54610000076,21,2017-12-23
2478,10000085477,18,2017-12-23
2478,52113100033,18,2017-12-23
2478,54850010033,18,2017-12-23
2478,54850010033,22,2017-12-23
13,51312010033,22,2017-12-24
13,53980010082,18,2017-12-24
22,10000085486,22,2017-12-24
867,52570016075,18,2017-12-24
2317,10000085475,18,2017-12-24
2317,10000089277,18,2017-12-24
888,54589321176,20,2017-12-26
2233,10000085493,23,2017-12-28
2233,52840000082,23,2017-12-28
2233,55200017313,23,2017-12-28
2260,51800000050,22,2017-12-28
2260,52100000031,22,2017-12-28
2260,54450000076,22,2017-12-28
2260,57045970076,22,2017-12-28
13,10000089316,22,2017-12-29
13,54400021032,22,2017-12-29
115,50052110076,20,2017-12-29
115,53620010028,20,2017-12-29
115,54100024032,20,2017-12-29
115,54100027032,20,2017-12-29
367,54800110055,20,2017-12-29
889,51450050050,22,2017-12-29
807,10000085493,23,2017-12-30
807,51200000076,23,2017-12-30
807,55200017313,23,2017-12-30
1676,10000085491,23,2017-12-30
1676,54850010033,23,2017-12-30
1437,10000089316,22,2017-12-31
